Workbook

Sheet 1.Data
A1: MATRIKS DATA KEPUTUSAN — SELEKSI SMARTPHONE TERBAIK
A2: Keterangan Kriteria | D2: K1 | E2: K2 | F2: K3 | G2: K4 | H2: K5 | I2: K6 | J2: K7 | K2: K8 | L2: K9 | M2: K10 | N2: K11 | O2: K12
A3: Tipe Kriteria | D3: Cost | E3: Cost | F3: Benefit | G3: Benefit | H3: Benefit | I3: Benefit | J3: Benefit | K3: Benefit | L3: Benefit | M3: Benefit | N3: Benefit | O3: Cost
A4: Nama Kriteria | D4: Weight g | E4: Weight oz | F4: Year of production | G4: Display resolution | H4: Memory card | I4: Internal memory | J4: RAM | K4: Primary camera | L4: Secondary camera | M4: Bluetooth | N4: USB | O4: Approx price
A7: MATRIKS KEPUTUSAN (Nilai Atribut tiap Alternatif)
A8: Alternatif | B8: K1 | C8: K2 | D8: K3 | E8: K4 | F8: K5 | G8: K6 | H8: K7 | I8: K8 | J8: K9 | K8: K10 | L8: K11 | M8: K12
A9: A01 | B9: 202 | C9: 7 | D9: 2015 | E9: 5 | F9: 64 | G9: 8 | H9: 2048 | I9: 13 | J9: 5 | K9: 4 | L9: 2 | M9: 170
A10: A02 | B10: 150 | C10: 5 | D10: 2014 | E10: 5 | F10: 32 | G10: 4 | H10: 1024 | I10: 8 | J10: 2 | K10: 4 | L10: 2 | M10: 180
A11: A03 | B11: 160 | C11: 5 | D11: 2016 | E11: 5 | F11: 256 | G11: 32 | H11: 3072 | I11: 16 | J11: 8 | K11: 4 | L11: 1 | M11: 420
A12: A04 | B12: 170 | C12: 6 | D12: 2016 | E12: 5 | F12: 32 | G12: 16 | H12: 2048 | I12: 8 | J12: 8 | K12: 4 | L12: 2 | M12: 110
A13: A05 | B13: 115 | C13: 6 | D13: 2015 | E13: 4 | F13: 64 | G13: 8 | H13: 1024 | I13: 8 | J13: 5 | K13: 4 | L13: 2 | M13: 180
A14: A06 | B14: 151 | C14: 5 | D14: 2016 | E14: 5 | F14: 256 | G14: 64 | H14: 4096 | I14: 16 | J14: 8 | K14: 4 | L14: 2 | M14: 440
A15: A07 | B15: 310 | C15: 10 | D15: 2017 | E15: 8 | F15: 256 | G15: 16 | H15: 2048 | I15: 5 | J15: 2 | K15: 4 | L15: 2 | M15: 100
A16: A08 | B16: 145 | C16: 11 | D16: 2015 | E16: 4 | F16: 32 | G16: 8 | H16: 1024 | I16: 5 | J16: 2 | K16: 4 | L16: 2 | M16: 130
A17: A09 | B17: 110 | C17: 3 | D17: 2015 | E17: 5 | F17: 32 | G17: 8 | H17: 1024 | I17: 13 | J17: 5 | K17: 4 | L17: 2 | M17: 200
A18: A10 | B18: 160 | C18: 5 | D18: 2016 | E18: 5 | F18: 256 | G18: 32 | H18: 3072 | I18: 16 | J18: 8 | K18: 4 | L18: 1 | M18: 420
A19: A11 | B19: 130 | C19: 4 | D19: 2013 | E19: 4 | F19: 64 | G19: 8 | H19: 1024 | I19: 8 | J19: 1 | K19: 4 | L19: 2 | M19: 290
A20: A12 | B20: 170 | C20: 6 | D20: 2015 | E20: 5 | F20: 256 | G20: 16 | H20: 2048 | I20: 13 | J20: 5 | K20: 4 | L20: 2 | M20: 370
... A28: A20 | B28: 143 | C28: 4 | D28: 2017 | E28: 5 | F28: 256 | G28: 16 | H28: 2048 | I28: 13 | J28: 5 | K28: 4 | L28: 2 | M28: 150
A30: Nilai MAX | B30: =MAX(B9:B28) | C30: =MAX(C9:C28) | D30: =MAX(D9:D28) | E30: =MAX(E9:E28) | F30: =MAX(F9:F28) | G30: =MAX(G9:G28) | H30: =MAX(H9:H28) | I30: =MAX(I9:I28) | ... M30: =MAX(M9:M28)
A31: Nilai MIN | B31: =MIN(B9:B28) | C31: =MIN(C9:C28) | D31: =MIN(D9:D28) | E31: =MIN(E9:E28) | F31: =MIN(F9:F28) | G31: =MIN(G9:G28) | H31: =MIN(H9:H28) | I31: =MIN(I9:I28) | ... M31: =MIN(M9:M28)

Sheet 2.SWARA
A1: PEMBOBOTAN KRITERIA — METODE SWARA
A3: Prioritas | B3: Kode | C3: Nama Kriteria | D3: Sj (input) | E3: Kj = Sj + 1 | F3: Qj | G3: Wj (Bobot)
A4: 1 | B4: K12 | C4: Approx price | D4: 0 | E4: 1 | F4: 1 | G4: =F4/SUM(F$4:F$15)
A5: 2 | B5: K7 | C5: RAM | D5: 0.05 | E5: =D5+1 | F5: =F4/E5 | G5: =F5/SUM(F$4:F$15)
A6: 3 | B6: K6 | C6: Internal memory | D6: 0.05 | E6: =D6+1 | F6: =F5/E6 | G6: =F6/SUM(F$4:F$15)
A7: 4 | B7: K3 | C7: Year of production | D7: 0.1 | E7: =D7+1 | F7: =F6/E7 | G7: =F7/SUM(F$4:F$15)
A8: 5 | B8: K8 | C8: Primary camera | D8: 0.1 | E8: =D8+1 | F8: =F7/E8 | G8: =F8/SUM(F$4:F$15)
A9: 6 | B9: K5 | C9: Memory card | D9: 0.15 | E9: =D9+1 | F9: =F8/E9 | G9: =F9/SUM(F$4:F$15)
A10: 7 | B10: K4 | C10: Display resolution | D10: 0.1 | E10: =D10+1 | F10: =F9/E10 | G10: =F10/SUM(F$4:F$15)
A11: 8 | B11: K9 | C11: Secondary camera | D11: 0.15 | E11: =D11+1 | F11: =F10/E11 | G11: =F11/SUM(F$4:F$15)
A12: 9 | B12: K1 | C12: Weight g | D12: 0.15 | E12: =D12+1 | F12: =F11/E12 | G12: =F12/SUM(F$4:F$15)
A13: 10 | B13: K10 | C13: Bluetooth | D13: 0.1 | E13: =D13+1 | F13: =F12/E13 | G13: =F13/SUM(F$4:F$15)
A14: 11 | B14: K11 | C14: USB | D14: 0.1 | E14: =D14+1 | F14: =F13/E14 | G14: =F14/SUM(F$4:F$15)
A15: 12 | B15: K2 | C15: Weight oz | D15: 0.05 | E15: =D15+1 | F15: =F14/E15 | G15: =F15/SUM(F$4:F$15)
A20: REKAP BOBOT SWARA — Urutan K1 s/d K_n
A21: No | B21: Kode | C21: Nama Kriteria | D21: Tipe | E21: Wj (Bobot)
A22: 1 | B22: K1 | C22: Weight g | D22: Cost | E22: =VLOOKUP(B22, B$4:G$15, 6, FALSE)
A23: 2 | B23: K2 | C23: Weight oz | D23: Cost | E23: =VLOOKUP(B23, B$4:G$15, 6, FALSE)
A24: 3 | B24: K3 | C24: Year of production | D24: Benefit | E24: =VLOOKUP(B24, B$4:G$15, 6, FALSE)
A25: 4 | B25: K4 | C25: Display resolution | D25: Benefit | E25: =VLOOKUP(B25, B$4:G$15, 6, FALSE)
A26: 5 | B26: K5 | C26: Memory card | D26: Benefit | E26: =VLOOKUP(B26, B$4:G$15, 6, FALSE)
A27: 6 | B27: K6 | C27: Internal memory | D27: Benefit | E27: =VLOOKUP(B27, B$4:G$15, 6, FALSE)
A28: 7 | B28: K7 | C28: RAM | D28: Benefit | E28: =VLOOKUP(B28, B$4:G$15, 6, FALSE)
A29: 8 | B29: K8 | C29: Primary camera | D29: Benefit | E29: =VLOOKUP(B29, B$4:G$15, 6, FALSE)
A30: 9 | B30: K9 | C30: Secondary camera | D30: Benefit | E30: =VLOOKUP(B30, B$4:G$15, 6, FALSE)
A31: 10 | B31: K10 | C31: Bluetooth | D31: Benefit | E31: =VLOOKUP(B31, B$4:G$15, 6, FALSE)
A32: 11 | B32: K11 | C32: USB | D32: Benefit | E32: =VLOOKUP(B32, B$4:G$15, 6, FALSE)
A33: 12 | B33: K12 | C33: Approx price | D33: Cost | E33: =VLOOKUP(B33, B$4:G$15, 6, FALSE)

Sheet 3.Normalisasi
A1: NORMALISASI MATRIKS KEPUTUSAN — MAIRCA
A2: Benefit: (xij-min)/(max-min) | Cost: (max-xij)/(max-min)
A4: Alternatif | B4: K1 | C4: K2 | D4: K3 | E4: K4 | F4: K5 | G4: K6 | H4: K7 | I4: K8 | J4: K9 | K4: K10 | L4: K11 | M4: K12
A5: A01 | B5: =( '1.Data'!B$30 - '1.Data'!B9 ) / ( '1.Data'!B$30 - '1.Data'!B$31 ) | C5: =( '1.Data'!C$30 - '1.Data'!C9 ) / ( '1.Data'!C$30 - '1.Data'!C$31 ) | D5: =( '1.Data'!D9 - '1.Data'!D$31 ) / ( '1.Data'!D$30 - '1.Data'!D$31 ) | E5: =( '1.Data'!E9 - '1.Data'!E$31 ) / ( '1.Data'!E$30 - '1.Data'!E$31 ) | F5: =( '1.Data'!F9 - '1.Data'!F$31 ) / ( '1.Data'!F$30 - '1.Data'!F$31 ) | G5: =( '1.Data'!G9 - '1.Data'!G$31 ) / ( '1.Data'!G$30 - '1.Data'!G$31 ) | H5: =( '1.Data'!H9 - '1.Data'!H$31 ) / ( '1.Data'!H$30 - '1.Data'!H$31 ) | I5: =( '1.Data'!I9 - '1.Data'!I$31 ) / ( '1.Data'!I$30 - '1.Data'!I$31 ) | J5: =( '1.Data'!J9 - '1.Data'!J$31 ) / ( '1.Data'!J$30 - '1.Data'!J$31 ) | K5: =( '1.Data'!K9 - '1.Data'!K$31 ) / ( '1.Data'!K$30 - '1.Data'!K$31 ) | L5: =( '1.Data'!L9 - '1.Data'!L$31 ) / ( '1.Data'!L$30 - '1.Data'!L$31 ) | M5: =( '1.Data'!M$30 - '1.Data'!M9 ) / ( '1.Data'!M$30 - '1.Data'!M$31 )
A6: A02 | B6: =( '1.Data'!B$30 - '1.Data'!B10 ) / ( '1.Data'!B$30 - '1.Data'!B$31 ) | C6: =( '1.Data'!C$30 - '1.Data'!C10 ) / ( '1.Data'!C$30 - '1.Data'!C$31 ) | D6: =( '1.Data'!D10 - '1.Data'!D$31 ) / ( '1.Data'!D$30 - '1.Data'!D$31 ) | E6: =( '1.Data'!E10 - '1.Data'!E$31 ) / ( '1.Data'!E$30 - '1.Data'!E$31 ) | F6: =( '1.Data'!F10 - '1.Data'!F$31 ) / ( '1.Data'!F$30 - '1.Data'!F$31 ) | G6: =( '1.Data'!G10 - '1.Data'!G$31 ) / ( '1.Data'!G$30 - '1.Data'!G$31 ) | H6: =( '1.Data'!H10 - '1.Data'!H$31 ) / ( '1.Data'!H$30 - '1.Data'!H$31 ) | I6: =( '1.Data'!I10 - '1.Data'!I$31 ) / ( '1.Data'!I$30 - '1.Data'!I$31 ) | J6: =( '1.Data'!J10 - '1.Data'!J$31 ) / ( '1.Data'!J$30 - '1.Data'!J$31 ) | K6: =( '1.Data'!K10 - '1.Data'!K$31 ) / ( '1.Data'!K$30 - '1.Data'!K$31 ) | L6: =( '1.Data'!L10 - '1.Data'!L$31 ) / ( '1.Data'!L$30 - '1.Data'!L$31 ) | M6: =( '1.Data'!M$30 - '1.Data'!M10 ) / ( '1.Data'!M$30 - '1.Data'!M$31 )
A7: A03 | B7: =( '1.Data'!B$30 - '1.Data'!B11 ) / ( '1.Data'!B$30 - '1.Data'!B$31 ) | C7: =( '1.Data'!C$30 - '1.Data'!C11 ) / ( '1.Data'!C$30 - '1.Data'!C$31 ) | D7: =( '1.Data'!D11 - '1.Data'!D$31 ) / ( '1.Data'!D$30 - '1.Data'!D$31 ) | E7: =( '1.Data'!E11 - '1.Data'!E$31 ) / ( '1.Data'!E$30 - '1.Data'!E$31 ) | F7: =( '1.Data'!F11 - '1.Data'!F$31 ) / ( '1.Data'!F$30 - '1.Data'!F$31 ) | G7: =( '1.Data'!G11 - '1.Data'!G$31 ) / ( '1.Data'!G$30 - '1.Data'!G$31 ) | H7: =( '1.Data'!H11 - '1.Data'!H$31 ) / ( '1.Data'!H$30 - '1.Data'!H$31 ) | I7: =( '1.Data'!I11 - '1.Data'!I$31 ) / ( '1.Data'!I$30 - '1.Data'!I$31 ) | J7: =( '1.Data'!J11 - '1.Data'!J$31 ) / ( '1.Data'!J$30 - '1.Data'!J$31 ) | K7: =( '1.Data'!K11 - '1.Data'!K$31 ) / ( '1.Data'!K$30 - '1.Data'!K$31 ) | L7: =( '1.Data'!L11 - '1.Data'!L$31 ) / ( '1.Data'!L$30 - '1.Data'!L$31 ) | M7: =( '1.Data'!M$30 - '1.Data'!M11 ) / ( '1.Data'!M$30 - '1.Data'!M$31 )
A8: A04 | B8: =( '1.Data'!B$30 - '1.Data'!B12 ) / ( '1.Data'!B$30 - '1.Data'!B$31 ) | C8: =( '1.Data'!C$30 - '1.Data'!C12 ) / ( '1.Data'!C$30 - '1.Data'!C$31 ) | D8: =( '1.Data'!D12 - '1.Data'!D$31 ) / ( '1.Data'!D$30 - '1.Data'!D$31 ) | E8: =( '1.Data'!E12 - '1.Data'!E$31 ) / ( '1.Data'!E$30 - '1.Data'!E$31 ) | F8: =( '1.Data'!F12 - '1.Data'!F$31 ) / ( '1.Data'!F$30 - '1.Data'!F$31 ) | G8: =( '1.Data'!G12 - '1.Data'!G$31 ) / ( '1.Data'!G$30 - '1.Data'!G$31 ) | H8: =( '1.Data'!H12 - '1.Data'!H$31 ) / ( '1.Data'!H$30 - '1.Data'!H$31 ) | I8: =( '1.Data'!I12 - '1.Data'!I$31 ) / ( '1.Data'!I$30 - '1.Data'!I$31 ) | J8: =( '1.Data'!J12 - '1.Data'!J$31 ) / ( '1.Data'!J$30 - '1.Data'!J$31 ) | K8: =( '1.Data'!K12 - '1.Data'!K$31 ) / ( '1.Data'!K$30 - '1.Data'!K$31 ) | L8: =( '1.Data'!L12 - '1.Data'!L$31 ) / ( '1.Data'!L$30 - '1.Data'!L$31 ) | M8: =( '1.Data'!M$30 - '1.Data'!M12 ) / ( '1.Data'!M$30 - '1.Data'!M$31 )
A9: A05 | B9: =( '1.Data'!B$30 - '1.Data'!B13 ) / ( '1.Data'!B$30 - '1.Data'!B$31 ) | C9: =( '1.Data'!C$30 - '1.Data'!C13 ) / ( '1.Data'!C$30 - '1.Data'!C$31 ) | D9: =( '1.Data'!D13 - '1.Data'!D$31 ) / ( '1.Data'!D$30 - '1.Data'!D$31 ) | E9: =( '1.Data'!E13 - '1.Data'!E$31 ) / ( '1.Data'!E$30 - '1.Data'!E$31 ) | F9: =( '1.Data'!F13 - '1.Data'!F$31 ) / ( '1.Data'!F$30 - '1.Data'!F$31 ) | G9: =( '1.Data'!G13 - '1.Data'!G$31 ) / ( '1.Data'!G$30 - '1.Data'!G$31 ) | H9: =( '1.Data'!H13 - '1.Data'!H$31 ) / ( '1.Data'!H$30 - '1.Data'!H$31 ) | I9: =( '1.Data'!I13 - '1.Data'!I$31 ) / ( '1.Data'!I$30 - '1.Data'!I$31 ) | J9: =( '1.Data'!J13 - '1.Data'!J$31 ) / ( '1.Data'!J$30 - '1.Data'!J$31 ) | K9: =( '1.Data'!K13 - '1.Data'!K$31 ) / ( '1.Data'!K$30 - '1.Data'!K$31 ) | L9: =( '1.Data'!L13 - '1.Data'!L$31 ) / ( '1.Data'!L$30 - '1.Data'!L$31 ) | M9: =( '1.Data'!M$30 - '1.Data'!M13 ) / ( '1.Data'!M$30 - '1.Data'!M$31 )
A10: A06 | B10: =( '1.Data'!B$30 - '1.Data'!B14 ) / ( '1.Data'!B$30 - '1.Data'!B$31 ) | C10: =( '1.Data'!C$30 - '1.Data'!C14 ) / ( '1.Data'!C$30 - '1.Data'!C$31 ) | D10: =( '1.Data'!D14 - '1.Data'!D$31 ) / ( '1.Data'!D$30 - '1.Data'!D$31 ) | E10: =( '1.Data'!E14 - '1.Data'!E$31 ) / ( '1.Data'!E$30 - '1.Data'!E$31 ) | F10: =( '1.Data'!F14 - '1.Data'!F$31 ) / ( '1.Data'!F$30 - '1.Data'!F$31 ) | G10: =( '1.Data'!G14 - '1.Data'!G$31 ) / ( '1.Data'!G$30 - '1.Data'!G$31 ) | H10: =( '1.Data'!H14 - '1.Data'!H$31 ) / ( '1.Data'!H$30 - '1.Data'!H$31 ) | I10: =( '1.Data'!I14 - '1.Data'!I$31 ) / ( '1.Data'!I$30 - '1.Data'!I$31 ) | J10: =( '1.Data'!J14 - '1.Data'!J$31 ) / ( '1.Data'!J$30 - '1.Data'!J$31 ) | K10: =( '1.Data'!K14 - '1.Data'!K$31 ) / ( '1.Data'!K$30 - '1.Data'!K$31 ) | L10: =( '1.Data'!L14 - '1.Data'!L$31 ) / ( '1.Data'!L$30 - '1.Data'!L$31 ) | M10: =( '1.Data'!M$30 - '1.Data'!M14 ) / ( '1.Data'!M$30 - '1.Data'!M$31 )
A11: A07 | B11: =( '1.Data'!B$30 - '1.Data'!B15 ) / ( '1.Data'!B$30 - '1.Data'!B$31 ) | C11: =( '1.Data'!C$30 - '1.Data'!C15 ) / ( '1.Data'!C$30 - '1.Data'!C$31 ) | D11: =( '1.Data'!D15 - '1.Data'!D$31 ) / ( '1.Data'!D$30 - '1.Data'!D$31 ) | E11: =( '1.Data'!E15 - '1.Data'!E$31 ) / ( '1.Data'!E$30 - '1.Data'!E$31 ) | F11: =( '1.Data'!F15 - '1.Data'!F$31 ) / ( '1.Data'!F$30 - '1.Data'!F$31 ) | G11: =( '1.Data'!G15 - '1.Data'!G$31 ) / ( '1.Data'!G$30 - '1.Data'!G$31 ) | H11: =( '1.Data'!H15 - '1.Data'!H$31 ) / ( '1.Data'!H$30 - '1.Data'!H$31 ) | I11: =( '1.Data'!I15 - '1.Data'!I$31 ) / ( '1.Data'!I$30 - '1.Data'!I$31 ) | J11: =( '1.Data'!J15 - '1.Data'!J$31 ) / ( '1.Data'!J$30 - '1.Data'!J$31 ) | K11: =( '1.Data'!K15 - '1.Data'!K$31 ) / ( '1.Data'!K$30 - '1.Data'!K$31 ) | L11: =( '1.Data'!L15 - '1.Data'!L$31 ) / ( '1.Data'!L$30 - '1.Data'!L$31 ) | M11: =( '1.Data'!M$30 - '1.Data'!M15 ) / ( '1.Data'!M$30 - '1.Data'!M$31 )
A12: A08 | B12: =( '1.Data'!B$30 - '1.Data'!B16 ) / ( '1.Data'!B$30 - '1.Data'!B$31 ) | C12: =( '1.Data'!C$30 - '1.Data'!C16 ) / ( '1.Data'!C$30 - '1.Data'!C$31 ) | D12: =( '1.Data'!D16 - '1.Data'!D$31 ) / ( '1.Data'!D$30 - '1.Data'!D$31 ) | E12: =( '1.Data'!E16 - '1.Data'!E$31 ) / ( '1.Data'!E$30 - '1.Data'!E$31 ) | F12: =( '1.Data'!F16 - '1.Data'!F$31 ) / ( '1.Data'!F$30 - '1.Data'!F$31 ) | G12: =( '1.Data'!G16 - '1.Data'!G$31 ) / ( '1.Data'!G$30 - '1.Data'!G$31 ) | H12: =( '1.Data'!H16 - '1.Data'!H$31 ) / ( '1.Data'!H$30 - '1.Data'!H$31 ) | I12: =( '1.Data'!I16 - '1.Data'!I$31 ) / ( '1.Data'!I$30 - '1.Data'!I$31 ) | J12: =( '1.Data'!J16 - '1.Data'!J$31 ) / ( '1.Data'!J$30 - '1.Data'!J$31 ) | K12: =( '1.Data'!K16 - '1.Data'!K$31 ) / ( '1.Data'!K$30 - '1.Data'!K$31 ) | L12: =( '1.Data'!L16 - '1.Data'!L$31 ) / ( '1.Data'!L$30 - '1.Data'!L$31 ) | M12: =( '1.Data'!M$30 - '1.Data'!M16 ) / ( '1.Data'!M$30 - '1.Data'!M$31 )
A13: A09 | B13: =( '1.Data'!B$30 - '1.Data'!B17 ) / ( '1.Data'!B$30 - '1.Data'!B$31 ) | C13: =( '1.Data'!C$30 - '1.Data'!C17 ) / ( '1.Data'!C$30 - '1.Data'!C$31 ) | D13: =( '1.Data'!D17 - '1.Data'!D$31 ) / ( '1.Data'!D$30 - '1.Data'!D$31 ) | E13: =( '1.Data'!E17 - '1.Data'!E$31 ) / ( '1.Data'!E$30 - '1.Data'!E$31 ) | F13: =( '1.Data'!F17 - '1.Data'!F$31 ) / ( '1.Data'!F$30 - '1.Data'!F$31 ) | G13: =( '1.Data'!G17 - '1.Data'!G$31 ) / ( '1.Data'!G$30 - '1.Data'!G$31 ) | H13: =( '1.Data'!H17 - '1.Data'!H$31 ) / ( '1.Data'!H$30 - '1.Data'!H$31 ) | I13: =( '1.Data'!I17 - '1.Data'!I$31 ) / ( '1.Data'!I$30 - '1.Data'!I$31 ) | J13: =( '1.Data'!J17 - '1.Data'!J$31 ) / ( '1.Data'!J$30 - '1.Data'!J$31 ) | K13: =( '1.Data'!K17 - '1.Data'!K$31 ) / ( '1.Data'!K$30 - '1.Data'!K$31 ) | L13: =( '1.Data'!L17 - '1.Data'!L$31 ) / ( '1.Data'!L$30 - '1.Data'!L$31 ) | M13: =( '1.Data'!M$30 - '1.Data'!M17 ) / ( '1.Data'!M$30 - '1.Data'!M$31 )
A14: A10 | B14: =( '1.Data'!B$30 - '1.Data'!B18 ) / ( '1.Data'!B$30 - '1.Data'!B$31 ) | C14: =( '1.Data'!C$30 - '1.Data'!C18 ) / ( '1.Data'!C$30 - '1.Data'!C$31 ) | D14: =( '1.Data'!D18 - '1.Data'!D$31 ) / ( '1.Data'!D$30 - '1.Data'!D$31 ) | E14: =( '1.Data'!E18 - '1.Data'!E$31 ) / ( '1.Data'!E$30 - '1.Data'!E$31 ) | F14: =( '1.Data'!F18 - '1.Data'!F$31 ) / ( '1.Data'!F$30 - '1.Data'!F$31 ) | G14: =( '1.Data'!G18 - '1.Data'!G$31 ) / ( '1.Data'!G$30 - '1.Data'!G$31 ) | H14: =( '1.Data'!H18 - '1.Data'!H$31 ) / ( '1.Data'!H$30 - '1.Data'!H$31 ) | I14: =( '1.Data'!I18 - '1.Data'!I$31 ) / ( '1.Data'!I$30 - '1.Data'!I$31 ) | J14: =( '1.Data'!J18 - '1.Data'!J$31 ) / ( '1.Data'!J$30 - '1.Data'!J$31 ) | K14: =( '1.Data'!K18 - '1.Data'!K$31 ) / ( '1.Data'!K$30 - '1.Data'!K$31 ) | L14: =( '1.Data'!L18 - '1.Data'!L$31 ) / ( '1.Data'!L$30 - '1.Data'!L$31 ) | M14: =( '1.Data'!M$30 - '1.Data'!M18 ) / ( '1.Data'!M$30 - '1.Data'!M$31 )
A15: A11 | B15: =( '1.Data'!B$30 - '1.Data'!B19 ) / ( '1.Data'!B$30 - '1.Data'!B$31 ) | C15: =( '1.Data'!C$30 - '1.Data'!C19 ) / ( '1.Data'!C$30 - '1.Data'!C$31 ) | D15: =( '1.Data'!D19 - '1.Data'!D$31 ) / ( '1.Data'!D$30 - '1.Data'!D$31 ) | E15: =( '1.Data'!E19 - '1.Data'!E$31 ) / ( '1.Data'!E$30 - '1.Data'!E$31 ) | F15: =( '1.Data'!F19 - '1.Data'!F$31 ) / ( '1.Data'!F$30 - '1.Data'!F$31 ) | G15: =( '1.Data'!G19 - '1.Data'!G$31 ) / ( '1.Data'!G$30 - '1.Data'!G$31 ) | H15: =( '1.Data'!H19 - '1.Data'!H$31 ) / ( '1.Data'!H$30 - '1.Data'!H$31 ) | I15: =( '1.Data'!I19 - '1.Data'!I$31 ) / ( '1.Data'!I$30 - '1.Data'!I$31 ) | J15: =( '1.Data'!J19 - '1.Data'!J$31 ) / ( '1.Data'!J$30 - '1.Data'!J$31 ) | K15: =( '1.Data'!K19 - '1.Data'!K$31 ) / ( '1.Data'!K$30 - '1.Data'!K$31 ) | L15: =( '1.Data'!L19 - '1.Data'!L$31 ) / ( '1.Data'!L$30 - '1.Data'!L$31 ) | M15: =( '1.Data'!M$30 - '1.Data'!M19 ) / ( '1.Data'!M$30 - '1.Data'!M$31 )
A16: A12 | B16: =( '1.Data'!B$30 - '1.Data'!B20 ) / ( '1.Data'!B$30 - '1.Data'!B$31 ) | C16: =( '1.Data'!C$30 - '1.Data'!C20 ) / ( '1.Data'!C$30 - '1.Data'!C$31 ) | D16: =( '1.Data'!D20 - '1.Data'!D$31 ) / ( '1.Data'!D$30 - '1.Data'!D$31 ) | E16: =( '1.Data'!E20 - '1.Data'!E$31 ) / ( '1.Data'!E$30 - '1.Data'!E$31 ) | F16: =( '1.Data'!F20 - '1.Data'!F$31 ) / ( '1.Data'!F$30 - '1.Data'!F$31 ) | G16: =( '1.Data'!G20 - '1.Data'!G$31 ) / ( '1.Data'!G$30 - '1.Data'!G$31 ) | H16: =( '1.Data'!H20 - '1.Data'!H$31 ) / ( '1.Data'!H$30 - '1.Data'!H$31 ) | I16: =( '1.Data'!I20 - '1.Data'!I$31 ) / ( '1.Data'!I$30 - '1.Data'!I$31 ) | J16: =( '1.Data'!J20 - '1.Data'!J$31 ) / ( '1.Data'!J$30 - '1.Data'!J$31 ) | K16: =( '1.Data'!K20 - '1.Data'!K$31 ) / ( '1.Data'!K$30 - '1.Data'!K$31 ) | L16: =( '1.Data'!L20 - '1.Data'!L$31 ) / ( '1.Data'!L$30 - '1.Data'!L$31 ) | M16: =( '1.Data'!M$30 - '1.Data'!M20 ) / ( '1.Data'!M$30 - '1.Data'!M$31 )
... A24: A20 | B24: =( '1.Data'!B$30 - '1.Data'!B28 ) / ( '1.Data'!B$30 - '1.Data'!B$31 ) | C24: =( '1.Data'!C$30 - '1.Data'!C28 ) / ( '1.Data'!C$30 - '1.Data'!C$31 ) | D24: =( '1.Data'!D28 - '1.Data'!D$31 ) / ( '1.Data'!D$30 - '1.Data'!D$31 ) | E24: =( '1.Data'!E28 - '1.Data'!E$31 ) / ( '1.Data'!E$30 - '1.Data'!E$31 ) | F24: =( '1.Data'!F28 - '1.Data'!F$31 ) / ( '1.Data'!F$30 - '1.Data'!F$31 ) | G24: =( '1.Data'!G28 - '1.Data'!G$31 ) / ( '1.Data'!G$30 - '1.Data'!G$31 ) | H24: =( '1.Data'!H28 - '1.Data'!H$31 ) / ( '1.Data'!H$30 - '1.Data'!H$31 ) | I24: =( '1.Data'!I28 - '1.Data'!I$31 ) / ( '1.Data'!I$30 - '1.Data'!I$31 ) | J24: =( '1.Data'!J28 - '1.Data'!J$31 ) / ( '1.Data'!J$30 - '1.Data'!J$31 ) | K24: =( '1.Data'!K28 - '1.Data'!K$31 ) / ( '1.Data'!K$30 - '1.Data'!K$31 ) | L24: =( '1.Data'!L28 - '1.Data'!L$31 ) / ( '1.Data'!L$30 - '1.Data'!L$31 ) | M24: =( '1.Data'!M$30 - '1.Data'!M28 ) / ( '1.Data'!M$30 - '1.Data'!M$31 )

Sheet 4.Pref.Teoritis
A1: PREFERENSI TEORITIS (TPij) — MAIRCA
A2: Rumus: TPij = Wj / m (m = 20)
A4: Alternatif | B4: K1 | C4: K2 | D4: K3 | E4: K4 | F4: K5 | G4: K6 | H4: K7 | I4: K8 | J4: K9 | K4: K10 | L4: K11 | M4: K12
A5: A01 | B5: ='2.SWARA'!E22 / 20 | C5: ='2.SWARA'!E23 / 20 | D5: ='2.SWARA'!E24 / 20 | E5: ='2.SWARA'!E25 / 20 | F5: ='2.SWARA'!E26 / 20 | G5: ='2.SWARA'!E27 / 20 | H5: ='2.SWARA'!E28 / 20 | I5: ='2.SWARA'!E29 / 20 | J5: ='2.SWARA'!E30 / 20 | K5: ='2.SWARA'!E31 / 20 | L5: ='2.SWARA'!E32 / 20 | M5: ='2.SWARA'!E33 / 20
A6: A02 | B6: ='2.SWARA'!E22 / 20 | C6: ='2.SWARA'!E23 / 20 | D6: ='2.SWARA'!E24 / 20 | E6: ='2.SWARA'!E25 / 20 | F6: ='2.SWARA'!E26 / 20 | G6: ='2.SWARA'!E27 / 20 | H6: ='2.SWARA'!E28 / 20 | I6: ='2.SWARA'!E29 / 20 | J6: ='2.SWARA'!E30 / 20 | K6: ='2.SWARA'!E31 / 20 | L6: ='2.SWARA'!E32 / 20 | M6: ='2.SWARA'!E33 / 20
A7: A03 | B7: ='2.SWARA'!E22 / 20 | C7: ='2.SWARA'!E23 / 20 | D7: ='2.SWARA'!E24 / 20 | E7: ='2.SWARA'!E25 / 20 | F7: ='2.SWARA'!E26 / 20 | G7: ='2.SWARA'!E27 / 20 | H7: ='2.SWARA'!E28 / 20 | I7: ='2.SWARA'!E29 / 20 | J7: ='2.SWARA'!E30 / 20 | K7: ='2.SWARA'!E31 / 20 | L7: ='2.SWARA'!E32 / 20 | M7: ='2.SWARA'!E33 / 20
A8: A04 | B8: ='2.SWARA'!E22 / 20 | C8: ='2.SWARA'!E23 / 20 | D8: ='2.SWARA'!E24 / 20 | E8: ='2.SWARA'!E25 / 20 | F8: ='2.SWARA'!E26 / 20 | G8: ='2.SWARA'!E27 / 20 | H8: ='2.SWARA'!E28 / 20 | I8: ='2.SWARA'!E29 / 20 | J8: ='2.SWARA'!E30 / 20 | K8: ='2.SWARA'!E31 / 20 | L8: ='2.SWARA'!E32 / 20 | M8: ='2.SWARA'!E33 / 20
A9: A05 | B9: ='2.SWARA'!E22 / 20 | C9: ='2.SWARA'!E23 / 20 | D9: ='2.SWARA'!E24 / 20 | E9: ='2.SWARA'!E25 / 20 | F9: ='2.SWARA'!E26 / 20 | G9: ='2.SWARA'!E27 / 20 | H9: ='2.SWARA'!E28 / 20 | I9: ='2.SWARA'!E29 / 20 | J9: ='2.SWARA'!E30 / 20 | K9: ='2.SWARA'!E31 / 20 | L9: ='2.SWARA'!E32 / 20 | M9: ='2.SWARA'!E33 / 20
A10: A06 | B10: ='2.SWARA'!E22 / 20 | C10: ='2.SWARA'!E23 / 20 | D10: ='2.SWARA'!E24 / 20 | E10: ='2.SWARA'!E25 / 20 | F10: ='2.SWARA'!E26 / 20 | G10: ='2.SWARA'!E27 / 20 | H10: ='2.SWARA'!E28 / 20 | I10: ='2.SWARA'!E29 / 20 | J10: ='2.SWARA'!E30 / 20 | K10: ='2.SWARA'!E31 / 20 | L10: ='2.SWARA'!E32 / 20 | M10: ='2.SWARA'!E33 / 20
A11: A07 | B11: ='2.SWARA'!E22 / 20 | C11: ='2.SWARA'!E23 / 20 | D11: ='2.SWARA'!E24 / 20 | E11: ='2.SWARA'!E25 / 20 | F11: ='2.SWARA'!E26 / 20 | G11: ='2.SWARA'!E27 / 20 | H11: ='2.SWARA'!E28 / 20 | I11: ='2.SWARA'!E29 / 20 | J11: ='2.SWARA'!E30 / 20 | K11: ='2.SWARA'!E31 / 20 | L11: ='2.SWARA'!E32 / 20 | M11: ='2.SWARA'!E33 / 20
A12: A08 | B12: ='2.SWARA'!E22 / 20 | C12: ='2.SWARA'!E23 / 20 | D12: ='2.SWARA'!E24 / 20 | E12: ='2.SWARA'!E25 / 20 | F12: ='2.SWARA'!E26 / 20 | G12: ='2.SWARA'!E27 / 20 | H12: ='2.SWARA'!E28 / 20 | I12: ='2.SWARA'!E29 / 20 | J12: ='2.SWARA'!E30 / 20 | K12: ='2.SWARA'!E31 / 20 | L12: ='2.SWARA'!E32 / 20 | M12: ='2.SWARA'!E33 / 20
A13: A09 | B13: ='2.SWARA'!E22 / 20 | C13: ='2.SWARA'!E23 / 20 | D13: ='2.SWARA'!E24 / 20 | E13: ='2.SWARA'!E25 / 20 | F13: ='2.SWARA'!E26 / 20 | G13: ='2.SWARA'!E27 / 20 | H13: ='2.SWARA'!E28 / 20 | I13: ='2.SWARA'!E29 / 20 | J13: ='2.SWARA'!E30 / 20 | K13: ='2.SWARA'!E31 / 20 | L13: ='2.SWARA'!E32 / 20 | M13: ='2.SWARA'!E33 / 20
A14: A10 | B14: ='2.SWARA'!E22 / 20 | C14: ='2.SWARA'!E23 / 20 | D14: ='2.SWARA'!E24 / 20 | E14: ='2.SWARA'!E25 / 20 | F14: ='2.SWARA'!E26 / 20 | G14: ='2.SWARA'!E27 / 20 | H14: ='2.SWARA'!E28 / 20 | I14: ='2.SWARA'!E29 / 20 | J14: ='2.SWARA'!E30 / 20 | K14: ='2.SWARA'!E31 / 20 | L14: ='2.SWARA'!E32 / 20 | M14: ='2.SWARA'!E33 / 20
A15: A11 | B15: ='2.SWARA'!E22 / 20 | C15: ='2.SWARA'!E23 / 20 | D15: ='2.SWARA'!E24 / 20 | E15: ='2.SWARA'!E25 / 20 | F15: ='2.SWARA'!E26 / 20 | G15: ='2.SWARA'!E27 / 20 | H15: ='2.SWARA'!E28 / 20 | I15: ='2.SWARA'!E29 / 20 | J15: ='2.SWARA'!E30 / 20 | K15: ='2.SWARA'!E31 / 20 | L15: ='2.SWARA'!E32 / 20 | M15: ='2.SWARA'!E33 / 20
A16: A12 | B16: ='2.SWARA'!E22 / 20 | C16: ='2.SWARA'!E23 / 20 | D16: ='2.SWARA'!E24 / 20 | E16: ='2.SWARA'!E25 / 20 | F16: ='2.SWARA'!E26 / 20 | G16: ='2.SWARA'!E27 / 20 | H16: ='2.SWARA'!E28 / 20 | I16: ='2.SWARA'!E29 / 20 | J16: ='2.SWARA'!E30 / 20 | K16: ='2.SWARA'!E31 / 20 | L16: ='2.SWARA'!E32 / 20 | M16: ='2.SWARA'!E33 / 20
A17: A13 | B17: ='2.SWARA'!E22 / 20 | C17: ='2.SWARA'!E23 / 20 | D17: ='2.SWARA'!E24 / 20 | E17: ='2.SWARA'!E25 / 20 | F17: ='2.SWARA'!E26 / 20 | G17: ='2.SWARA'!E27 / 20 | H17: ='2.SWARA'!E28 / 20 | I17: ='2.SWARA'!E29 / 20 | J17: ='2.SWARA'!E30 / 20 | K17: ='2.SWARA'!E31 / 20 | L17: ='2.SWARA'!E32 / 20 | M17: ='2.SWARA'!E33 / 20
A18: A14 | B18: ='2.SWARA'!E22 / 20 | C18: ='2.SWARA'!E23 / 20 | D18: ='2.SWARA'!E24 / 20 | E18: ='2.SWARA'!E25 / 20 | F18: ='2.SWARA'!E26 / 20 | G18: ='2.SWARA'!E27 / 20 | H18: ='2.SWARA'!E28 / 20 | I18: ='2.SWARA'!E29 / 20 | J18: ='2.SWARA'!E30 / 20 | K18: ='2.SWARA'!E31 / 20 | L18: ='2.SWARA'!E32 / 20 | M18: ='2.SWARA'!E33 / 20
A19: A15 | B19: ='2.SWARA'!E22 / 20 | C19: ='2.SWARA'!E23 / 20 | D19: ='2.SWARA'!E24 / 20 | E19: ='2.SWARA'!E25 / 20 | F19: ='2.SWARA'!E26 / 20 | G19: ='2.SWARA'!E27 / 20 | H19: ='2.SWARA'!E28 / 20 | I19: ='2.SWARA'!E29 / 20 | J19: ='2.SWARA'!E30 / 20 | K19: ='2.SWARA'!E31 / 20 | L19: ='2.SWARA'!E32 / 20 | M19: ='2.SWARA'!E33 / 20
A20: A16 | B20: ='2.SWARA'!E22 / 20 | C20: ='2.SWARA'!E23 / 20 | D20: ='2.SWARA'!E24 / 20 | E20: ='2.SWARA'!E25 / 20 | F20: ='2.SWARA'!E26 / 20 | G20: ='2.SWARA'!E27 / 20 | H20: ='2.SWARA'!E28 / 20 | I20: ='2.SWARA'!E29 / 20 | J20: ='2.SWARA'!E30 / 20 | K20: ='2.SWARA'!E31 / 20 | L20: ='2.SWARA'!E32 / 20 | M20: ='2.SWARA'!E33 / 20
A21: A17 | B21: ='2.SWARA'!E22 / 20 | C21: ='2.SWARA'!E23 / 20 | D21: ='2.SWARA'!E24 / 20 | E21: ='2.SWARA'!E25 / 20 | F21: ='2.SWARA'!E26 / 20 | G21: ='2.SWARA'!E27 / 20 | H21: ='2.SWARA'!E28 / 20 | I21: ='2.SWARA'!E29 / 20 | J21: ='2.SWARA'!E30 / 20 | K21: ='2.SWARA'!E31 / 20 | L21: ='2.SWARA'!E32 / 20 | M21: ='2.SWARA'!E33 / 20
A22: A18 | B22: ='2.SWARA'!E22 / 20 | C22: ='2.SWARA'!E23 / 20 | D22: ='2.SWARA'!E24 / 20 | E22: ='2.SWARA'!E25 / 20 | F22: ='2.SWARA'!E26 / 20 | G22: ='2.SWARA'!E27 / 20 | H22: ='2.SWARA'!E28 / 20 | I22: ='2.SWARA'!E29 / 20 | J22: ='2.SWARA'!E30 / 20 | K22: ='2.SWARA'!E31 / 20 | L22: ='2.SWARA'!E32 / 20 | M22: ='2.SWARA'!E33 / 20
A23: A19 | B23: ='2.SWARA'!E22 / 20 | C23: ='2.SWARA'!E23 / 20 | D23: ='2.SWARA'!E24 / 20 | E23: ='2.SWARA'!E25 / 20 | F23: ='2.SWARA'!E26 / 20 | G23: ='2.SWARA'!E27 / 20 | H23: ='2.SWARA'!E28 / 20 | I23: ='2.SWARA'!E29 / 20 | J23: ='2.SWARA'!E30 / 20 | K23: ='2.SWARA'!E31 / 20 | L23: ='2.SWARA'!E32 / 20 | M23: ='2.SWARA'!E33 / 20
A24: A20 | B24: ='2.SWARA'!E22 / 20 | C24: ='2.SWARA'!E23 / 20 | D24: ='2.SWARA'!E24 / 20 | E24: ='2.SWARA'!E25 / 20 | F24: ='2.SWARA'!E26 / 20 | G24: ='2.SWARA'!E27 / 20 | H24: ='2.SWARA'!E28 / 20 | I24: ='2.SWARA'!E29 / 20 | J24: ='2.SWARA'!E30 / 20 | K24: ='2.SWARA'!E31 / 20 | L24: ='2.SWARA'!E32 / 20 | M24: ='2.SWARA'!E33 / 20

Sheet 5.Pref.Nyata
A1: PREFERENSI NYATA (PPij) — MAIRCA
A2: Rumus: PPij = TPij * x_ij_norm
A4: Alternatif | B4: K1 | C4: K2 | D4: K3 | E4: K4 | F4: K5 | G4: K6 | H4: K7 | I4: K8 | J4: K9 | K4: K10 | L4: K11 | M4: K12
A5: A01 | B5: ='4.Pref.Teoritis'!B5 * '3.Normalisasi'!B5 | C5: ='4.Pref.Teoritis'!C5 * '3.Normalisasi'!C5 | D5: ='4.Pref.Teoritis'!D5 * '3.Normalisasi'!D5 | E5: ='4.Pref.Teoritis'!E5 * '3.Normalisasi'!E5 | F5: ='4.Pref.Teoritis'!F5 * '3.Normalisasi'!F5 | G5: ='4.Pref.Teoritis'!G5 * '3.Normalisasi'!G5 | H5: ='4.Pref.Teoritis'!H5 * '3.Normalisasi'!H5 | I5: ='4.Pref.Teoritis'!I5 * '3.Normalisasi'!I5 | ... M5: ='4.Pref.Teoritis'!M5 * '3.Normalisasi'!M5
A6: A02 | B6: ='4.Pref.Teoritis'!B6 * '3.Normalisasi'!B6 | C6: ='4.Pref.Teoritis'!C6 * '3.Normalisasi'!C6 | D6: ='4.Pref.Teoritis'!D6 * '3.Normalisasi'!D6 | E6: ='4.Pref.Teoritis'!E6 * '3.Normalisasi'!E6 | F6: ='4.Pref.Teoritis'!F6 * '3.Normalisasi'!F6 | G6: ='4.Pref.Teoritis'!G6 * '3.Normalisasi'!G6 | H6: ='4.Pref.Teoritis'!H6 * '3.Normalisasi'!H6 | I6: ='4.Pref.Teoritis'!I6 * '3.Normalisasi'!I6 | ... M6: ='4.Pref.Teoritis'!M6 * '3.Normalisasi'!M6
A7: A03 | B7: ='4.Pref.Teoritis'!B7 * '3.Normalisasi'!B7 | C7: ='4.Pref.Teoritis'!C7 * '3.Normalisasi'!C7 | D7: ='4.Pref.Teoritis'!D7 * '3.Normalisasi'!D7 | E7: ='4.Pref.Teoritis'!E7 * '3.Normalisasi'!E7 | F7: ='4.Pref.Teoritis'!F7 * '3.Normalisasi'!F7 | G7: ='4.Pref.Teoritis'!G7 * '3.Normalisasi'!G7 | H7: ='4.Pref.Teoritis'!H7 * '3.Normalisasi'!H7 | I7: ='4.Pref.Teoritis'!I7 * '3.Normalisasi'!I7 | ... M7: ='4.Pref.Teoritis'!M7 * '3.Normalisasi'!M7
A8: A04 | B8: ='4.Pref.Teoritis'!B8 * '3.Normalisasi'!B8 | C8: ='4.Pref.Teoritis'!C8 * '3.Normalisasi'!C8 | D8: ='4.Pref.Teoritis'!D8 * '3.Normalisasi'!D8 | E8: ='4.Pref.Teoritis'!E8 * '3.Normalisasi'!E8 | F8: ='4.Pref.Teoritis'!F8 * '3.Normalisasi'!F8 | G8: ='4.Pref.Teoritis'!G8 * '3.Normalisasi'!G8 | H8: ='4.Pref.Teoritis'!H8 * '3.Normalisasi'!H8 | I8: ='4.Pref.Teoritis'!I8 * '3.Normalisasi'!I8 | ... M8: ='4.Pref.Teoritis'!M8 * '3.Normalisasi'!M8
A9: A05 | B9: ='4.Pref.Teoritis'!B9 * '3.Normalisasi'!B9 | C9: ='4.Pref.Teoritis'!C9 * '3.Normalisasi'!C9 | D9: ='4.Pref.Teoritis'!D9 * '3.Normalisasi'!D9 | E9: ='4.Pref.Teoritis'!E9 * '3.Normalisasi'!E9 | F9: ='4.Pref.Teoritis'!F9 * '3.Normalisasi'!F9 | G9: ='4.Pref.Teoritis'!G9 * '3.Normalisasi'!G9 | H9: ='4.Pref.Teoritis'!H9 * '3.Normalisasi'!H9 | I9: ='4.Pref.Teoritis'!I9 * '3.Normalisasi'!I9 | ... M9: ='4.Pref.Teoritis'!M9 * '3.Normalisasi'!M9
A10: A06 | B10: ='4.Pref.Teoritis'!B10 * '3.Normalisasi'!B10 | C10: ='4.Pref.Teoritis'!C10 * '3.Normalisasi'!C10 | D10: ='4.Pref.Teoritis'!D10 * '3.Normalisasi'!D10 | E10: ='4.Pref.Teoritis'!E10 * '3.Normalisasi'!E10 | F10: ='4.Pref.Teoritis'!F10 * '3.Normalisasi'!F10 | G10: ='4.Pref.Teoritis'!G10 * '3.Normalisasi'!G10 | H10: ='4.Pref.Teoritis'!H10 * '3.Normalisasi'!H10 | I10: ='4.Pref.Teoritis'!I10 * '3.Normalisasi'!I10 | ... M10: ='4.Pref.Teoritis'!M10 * '3.Normalisasi'!M10
A11: A07 | B11: ='4.Pref.Teoritis'!B11 * '3.Normalisasi'!B11 | C11: ='4.Pref.Teoritis'!C11 * '3.Normalisasi'!C11 | D11: ='4.Pref.Teoritis'!D11 * '3.Normalisasi'!D11 | E11: ='4.Pref.Teoritis'!E11 * '3.Normalisasi'!E11 | F11: ='4.Pref.Teoritis'!F11 * '3.Normalisasi'!F11 | G11: ='4.Pref.Teoritis'!G11 * '3.Normalisasi'!G11 | H11: ='4.Pref.Teoritis'!H11 * '3.Normalisasi'!H11 | I11: ='4.Pref.Teoritis'!I11 * '3.Normalisasi'!I11 | ... M11: ='4.Pref.Teoritis'!M11 * '3.Normalisasi'!M11
A12: A08 | B12: ='4.Pref.Teoritis'!B12 * '3.Normalisasi'!B12 | C12: ='4.Pref.Teoritis'!C12 * '3.Normalisasi'!C12 | D12: ='4.Pref.Teoritis'!D12 * '3.Normalisasi'!D12 | E12: ='4.Pref.Teoritis'!E12 * '3.Normalisasi'!E12 | F12: ='4.Pref.Teoritis'!F12 * '3.Normalisasi'!F12 | G12: ='4.Pref.Teoritis'!G12 * '3.Normalisasi'!G12 | H12: ='4.Pref.Teoritis'!H12 * '3.Normalisasi'!H12 | I12: ='4.Pref.Teoritis'!I12 * '3.Normalisasi'!I12 | ... M12: ='4.Pref.Teoritis'!M12 * '3.Normalisasi'!M12
A13: A09 | B13: ='4.Pref.Teoritis'!B13 * '3.Normalisasi'!B13 | C13: ='4.Pref.Teoritis'!C13 * '3.Normalisasi'!C13 | D13: ='4.Pref.Teoritis'!D13 * '3.Normalisasi'!D13 | E13: ='4.Pref.Teoritis'!E13 * '3.Normalisasi'!E13 | F13: ='4.Pref.Teoritis'!F13 * '3.Normalisasi'!F13 | G13: ='4.Pref.Teoritis'!G13 * '3.Normalisasi'!G13 | H13: ='4.Pref.Teoritis'!H13 * '3.Normalisasi'!H13 | I13: ='4.Pref.Teoritis'!I13 * '3.Normalisasi'!I13 | ... M13: ='4.Pref.Teoritis'!M13 * '3.Normalisasi'!M13
A14: A10 | B14: ='4.Pref.Teoritis'!B14 * '3.Normalisasi'!B14 | C14: ='4.Pref.Teoritis'!C14 * '3.Normalisasi'!C14 | D14: ='4.Pref.Teoritis'!D14 * '3.Normalisasi'!D14 | E14: ='4.Pref.Teoritis'!E14 * '3.Normalisasi'!E14 | F14: ='4.Pref.Teoritis'!F14 * '3.Normalisasi'!F14 | G14: ='4.Pref.Teoritis'!G14 * '3.Normalisasi'!G14 | H14: ='4.Pref.Teoritis'!H14 * '3.Normalisasi'!H14 | I14: ='4.Pref.Teoritis'!I14 * '3.Normalisasi'!I14 | ... M14: ='4.Pref.Teoritis'!M14 * '3.Normalisasi'!M14
A15: A11 | B15: ='4.Pref.Teoritis'!B15 * '3.Normalisasi'!B15 | C15: ='4.Pref.Teoritis'!C15 * '3.Normalisasi'!C15 | D15: ='4.Pref.Teoritis'!D15 * '3.Normalisasi'!D15 | E15: ='4.Pref.Teoritis'!E15 * '3.Normalisasi'!E15 | F15: ='4.Pref.Teoritis'!F15 * '3.Normalisasi'!F15 | G15: ='4.Pref.Teoritis'!G15 * '3.Normalisasi'!G15 | H15: ='4.Pref.Teoritis'!H15 * '3.Normalisasi'!H15 | I15: ='4.Pref.Teoritis'!I15 * '3.Normalisasi'!I15 | ... M15: ='4.Pref.Teoritis'!M15 * '3.Normalisasi'!M15
A16: A12 | B16: ='4.Pref.Teoritis'!B16 * '3.Normalisasi'!B16 | C16: ='4.Pref.Teoritis'!C16 * '3.Normalisasi'!C16 | D16: ='4.Pref.Teoritis'!D16 * '3.Normalisasi'!D16 | E16: ='4.Pref.Teoritis'!E16 * '3.Normalisasi'!E16 | F16: ='4.Pref.Teoritis'!F16 * '3.Normalisasi'!F16 | G16: ='4.Pref.Teoritis'!G16 * '3.Normalisasi'!G16 | H16: ='4.Pref.Teoritis'!H16 * '3.Normalisasi'!H16 | I16: ='4.Pref.Teoritis'!I16 * '3.Normalisasi'!I16 | ... M16: ='4.Pref.Teoritis'!M16 * '3.Normalisasi'!M16
... A24: A20 | B24: ='4.Pref.Teoritis'!B24 * '3.Normalisasi'!B24 | C24: ='4.Pref.Teoritis'!C24 * '3.Normalisasi'!C24 | D24: ='4.Pref.Teoritis'!D24 * '3.Normalisasi'!D24 | E24: ='4.Pref.Teoritis'!E24 * '3.Normalisasi'!E24 | F24: ='4.Pref.Teoritis'!F24 * '3.Normalisasi'!F24 | G24: ='4.Pref.Teoritis'!G24 * '3.Normalisasi'!G24 | H24: ='4.Pref.Teoritis'!H24 * '3.Normalisasi'!H24 | I24: ='4.Pref.Teoritis'!I24 * '3.Normalisasi'!I24 | ... M24: ='4.Pref.Teoritis'!M24 * '3.Normalisasi'!M24

Sheet 6.Gap
A1: MATRIKS GAP (Gij) DAN NILAI Qi — MAIRCA
A2: Rumus: Gij = TPij - PPij | Qi = sum(Gij)
A4: Alternatif | B4: K1 | C4: K2 | D4: K3 | E4: K4 | F4: K5 | G4: K6 | H4: K7 | I4: K8 | J4: K9 | K4: K10 | L4: K11 | M4: K12 | N4: Qi (Σ Gap) | O4: Rank
A5: A01 | B5: ='4.Pref.Teoritis'!B5 - '5.Pref.Nyata'!B5 | C5: ='4.Pref.Teoritis'!C5 - '5.Pref.Nyata'!C5 | D5: ='4.Pref.Teoritis'!D5 - '5.Pref.Nyata'!D5 | E5: ='4.Pref.Teoritis'!E5 - '5.Pref.Nyata'!E5 | F5: ='4.Pref.Teoritis'!F5 - '5.Pref.Nyata'!F5 | G5: ='4.Pref.Teoritis'!G5 - '5.Pref.Nyata'!G5 | H5: ='4.Pref.Teoritis'!H5 - '5.Pref.Nyata'!H5 | I5: ='4.Pref.Teoritis'!I5 - '5.Pref.Nyata'!I5 | ... M5: ='4.Pref.Teoritis'!M5 - '5.Pref.Nyata'!M5 | N5: =SUM(B5:M5) | O5: =RANK(N5, N$5:N$24, 1)
A6: A02 | B6: ='4.Pref.Teoritis'!B6 - '5.Pref.Nyata'!B6 | C6: ='4.Pref.Teoritis'!C6 - '5.Pref.Nyata'!C6 | D6: ='4.Pref.Teoritis'!D6 - '5.Pref.Nyata'!D6 | E6: ='4.Pref.Teoritis'!E6 - '5.Pref.Nyata'!E6 | F6: ='4.Pref.Teoritis'!F6 - '5.Pref.Nyata'!F6 | G6: ='4.Pref.Teoritis'!G6 - '5.Pref.Nyata'!G6 | H6: ='4.Pref.Teoritis'!H6 - '5.Pref.Nyata'!H6 | I6: ='4.Pref.Teoritis'!I6 - '5.Pref.Nyata'!I6 | ... M6: ='4.Pref.Teoritis'!M6 - '5.Pref.Nyata'!M6 | N6: =SUM(B6:M6) | O6: =RANK(N6, N$5:N$24, 1)
A7: A03 | B7: ='4.Pref.Teoritis'!B7 - '5.Pref.Nyata'!B7 | C7: ='4.Pref.Teoritis'!C7 - '5.Pref.Nyata'!C7 | D7: ='4.Pref.Teoritis'!D7 - '5.Pref.Nyata'!D7 | E7: ='4.Pref.Teoritis'!E7 - '5.Pref.Nyata'!E7 | F7: ='4.Pref.Teoritis'!F7 - '5.Pref.Nyata'!F7 | G7: ='4.Pref.Teoritis'!G7 - '5.Pref.Nyata'!G7 | H7: ='4.Pref.Teoritis'!H7 - '5.Pref.Nyata'!H7 | I7: ='4.Pref.Teoritis'!I7 - '5.Pref.Nyata'!I7 | ... M7: ='4.Pref.Teoritis'!M7 - '5.Pref.Nyata'!M7 | N7: =SUM(B7:M7) | O7: =RANK(N7, N$5:N$24, 1)
A8: A04 | B8: ='4.Pref.Teoritis'!B8 - '5.Pref.Nyata'!B8 | C8: ='4.Pref.Teoritis'!C8 - '5.Pref.Nyata'!C8 | D8: ='4.Pref.Teoritis'!D8 - '5.Pref.Nyata'!D8 | E8: ='4.Pref.Teoritis'!E8 - '5.Pref.Nyata'!E8 | F8: ='4.Pref.Teoritis'!F8 - '5.Pref.Nyata'!F8 | G8: ='4.Pref.Teoritis'!G8 - '5.Pref.Nyata'!G8 | H8: ='4.Pref.Teoritis'!H8 - '5.Pref.Nyata'!H8 | I8: ='4.Pref.Teoritis'!I8 - '5.Pref.Nyata'!I8 | ... M8: ='4.Pref.Teoritis'!M8 - '5.Pref.Nyata'!M8 | N8: =SUM(B8:M8) | O8: =RANK(N8, N$5:N$24, 1)
A9: A05 | B9: ='4.Pref.Teoritis'!B9 - '5.Pref.Nyata'!B9 | C9: ='4.Pref.Teoritis'!C9 - '5.Pref.Nyata'!C9 | D9: ='4.Pref.Teoritis'!D9 - '5.Pref.Nyata'!D9 | E9: ='4.Pref.Teoritis'!E9 - '5.Pref.Nyata'!E9 | F9: ='4.Pref.Teoritis'!F9 - '5.Pref.Nyata'!F9 | G9: ='4.Pref.Teoritis'!G9 - '5.Pref.Nyata'!G9 | H9: ='4.Pref.Teoritis'!H9 - '5.Pref.Nyata'!H9 | I9: ='4.Pref.Teoritis'!I9 - '5.Pref.Nyata'!I9 | ... M9: ='4.Pref.Teoritis'!M9 - '5.Pref.Nyata'!M9 | N9: =SUM(B9:M9) | O9: =RANK(N9, N$5:N$24, 1)
A10: A06 | B10: ='4.Pref.Teoritis'!B10 - '5.Pref.Nyata'!B10 | C10: ='4.Pref.Teoritis'!C10 - '5.Pref.Nyata'!C10 | D10: ='4.Pref.Teoritis'!D10 - '5.Pref.Nyata'!D10 | E10: ='4.Pref.Teoritis'!E10 - '5.Pref.Nyata'!E10 | F10: ='4.Pref.Teoritis'!F10 - '5.Pref.Nyata'!F10 | G10: ='4.Pref.Teoritis'!G10 - '5.Pref.Nyata'!G10 | H10: ='4.Pref.Teoritis'!H10 - '5.Pref.Nyata'!H10 | I10: ='4.Pref.Teoritis'!I10 - '5.Pref.Nyata'!I10 | ... M10: ='4.Pref.Teoritis'!M10 - '5.Pref.Nyata'!M10 | N10: =SUM(B10:M10) | O10: =RANK(N10, N$5:N$24, 1)
A11: A07 | B11: ='4.Pref.Teoritis'!B11 - '5.Pref.Nyata'!B11 | C11: ='4.Pref.Teoritis'!C11 - '5.Pref.Nyata'!C11 | D11: ='4.Pref.Teoritis'!D11 - '5.Pref.Nyata'!D11 | E11: ='4.Pref.Teoritis'!E11 - '5.Pref.Nyata'!E11 | F11: ='4.Pref.Teoritis'!F11 - '5.Pref.Nyata'!F11 | G11: ='4.Pref.Teoritis'!G11 - '5.Pref.Nyata'!G11 | H11: ='4.Pref.Teoritis'!H11 - '5.Pref.Nyata'!H11 | I11: ='4.Pref.Teoritis'!I11 - '5.Pref.Nyata'!I11 | ... M11: ='4.Pref.Teoritis'!M11 - '5.Pref.Nyata'!M11 | N11: =SUM(B11:M11) | O11: =RANK(N11, N$5:N$24, 1)
A12: A08 | B12: ='4.Pref.Teoritis'!B12 - '5.Pref.Nyata'!B12 | C12: ='4.Pref.Teoritis'!C12 - '5.Pref.Nyata'!C12 | D12: ='4.Pref.Teoritis'!D12 - '5.Pref.Nyata'!D12 | E12: ='4.Pref.Teoritis'!E12 - '5.Pref.Nyata'!E12 | F12: ='4.Pref.Teoritis'!F12 - '5.Pref.Nyata'!F12 | G12: ='4.Pref.Teoritis'!G12 - '5.Pref.Nyata'!G12 | H12: ='4.Pref.Teoritis'!H12 - '5.Pref.Nyata'!H12 | I12: ='4.Pref.Teoritis'!I12 - '5.Pref.Nyata'!I12 | ... M12: ='4.Pref.Teoritis'!M12 - '5.Pref.Nyata'!M12 | N12: =SUM(B12:M12) | O12: =RANK(N12, N$5:N$24, 1)
A13: A09 | B13: ='4.Pref.Teoritis'!B13 - '5.Pref.Nyata'!B13 | C13: ='4.Pref.Teoritis'!C13 - '5.Pref.Nyata'!C13 | D13: ='4.Pref.Teoritis'!D13 - '5.Pref.Nyata'!D13 | E13: ='4.Pref.Teoritis'!E13 - '5.Pref.Nyata'!E13 | F13: ='4.Pref.Teoritis'!F13 - '5.Pref.Nyata'!F13 | G13: ='4.Pref.Teoritis'!G13 - '5.Pref.Nyata'!G13 | H13: ='4.Pref.Teoritis'!H13 - '5.Pref.Nyata'!H13 | I13: ='4.Pref.Teoritis'!I13 - '5.Pref.Nyata'!I13 | ... M13: ='4.Pref.Teoritis'!M13 - '5.Pref.Nyata'!M13 | N13: =SUM(B13:M13) | O13: =RANK(N13, N$5:N$24, 1)
A14: A10 | B14: ='4.Pref.Teoritis'!B14 - '5.Pref.Nyata'!B14 | C14: ='4.Pref.Teoritis'!C14 - '5.Pref.Nyata'!C14 | D14: ='4.Pref.Teoritis'!D14 - '5.Pref.Nyata'!D14 | E14: ='4.Pref.Teoritis'!E14 - '5.Pref.Nyata'!E14 | F14: ='4.Pref.Teoritis'!F14 - '5.Pref.Nyata'!F14 | G14: ='4.Pref.Teoritis'!G14 - '5.Pref.Nyata'!G14 | H14: ='4.Pref.Teoritis'!H14 - '5.Pref.Nyata'!H14 | I14: ='4.Pref.Teoritis'!I14 - '5.Pref.Nyata'!I14 | ... M14: ='4.Pref.Teoritis'!M14 - '5.Pref.Nyata'!M14 | N14: =SUM(B14:M14) | O14: =RANK(N14, N$5:N$24, 1)
A15: A11 | B15: ='4.Pref.Teoritis'!B15 - '5.Pref.Nyata'!B15 | C15: ='4.Pref.Teoritis'!C15 - '5.Pref.Nyata'!C15 | D15: ='4.Pref.Teoritis'!D15 - '5.Pref.Nyata'!D15 | E15: ='4.Pref.Teoritis'!E15 - '5.Pref.Nyata'!E15 | F15: ='4.Pref.Teoritis'!F15 - '5.Pref.Nyata'!F15 | G15: ='4.Pref.Teoritis'!G15 - '5.Pref.Nyata'!G15 | H15: ='4.Pref.Teoritis'!H15 - '5.Pref.Nyata'!H15 | I15: ='4.Pref.Teoritis'!I15 - '5.Pref.Nyata'!I15 | ... M15: ='4.Pref.Teoritis'!M15 - '5.Pref.Nyata'!M15 | N15: =SUM(B15:M15) | O15: =RANK(N15, N$5:N$24, 1)
A16: A12 | B16: ='4.Pref.Teoritis'!B16 - '5.Pref.Nyata'!B16 | C16: ='4.Pref.Teoritis'!C16 - '5.Pref.Nyata'!C16 | D16: ='4.Pref.Teoritis'!D16 - '5.Pref.Nyata'!D16 | E16: ='4.Pref.Teoritis'!E16 - '5.Pref.Nyata'!E16 | F16: ='4.Pref.Teoritis'!F16 - '5.Pref.Nyata'!F16 | G16: ='4.Pref.Teoritis'!G16 - '5.Pref.Nyata'!G16 | H16: ='4.Pref.Teoritis'!H16 - '5.Pref.Nyata'!H16 | I16: ='4.Pref.Teoritis'!I16 - '5.Pref.Nyata'!I16 | ... M16: ='4.Pref.Teoritis'!M16 - '5.Pref.Nyata'!M16 | N16: =SUM(B16:M16) | O16: =RANK(N16, N$5:N$24, 1)
... A24: A20 | B24: ='4.Pref.Teoritis'!B24 - '5.Pref.Nyata'!B24 | C24: ='4.Pref.Teoritis'!C24 - '5.Pref.Nyata'!C24 | D24: ='4.Pref.Teoritis'!D24 - '5.Pref.Nyata'!D24 | E24: ='4.Pref.Teoritis'!E24 - '5.Pref.Nyata'!E24 | F24: ='4.Pref.Teoritis'!F24 - '5.Pref.Nyata'!F24 | G24: ='4.Pref.Teoritis'!G24 - '5.Pref.Nyata'!G24 | H24: ='4.Pref.Teoritis'!H24 - '5.Pref.Nyata'!H24 | I24: ='4.Pref.Teoritis'!I24 - '5.Pref.Nyata'!I24 | ... M24: ='4.Pref.Teoritis'!M24 - '5.Pref.Nyata'!M24 | N24: =SUM(B24:M24) | O24: =RANK(N24, N$5:N$24, 1)

Sheet 7.Hasil
A1: HASIL AKHIR PERANGKINGAN — METODE SWARA + MAIRCA
A2: Catatan: Nilai Qi terkecil = alternatif terbaik (Peringkat 1)
A4: No | B4: Alternatif | C4: Nilai Qi | D4: Rank | E4: Keterangan
A5: 1 | B5: =INDEX('6.Gap'!$A$5:$A$24, MATCH(C5, '6.Gap'!$N$5:$N$24, 0)) | C5: =SMALL('6.Gap'!$N$5:$N$24, A5) | D5: =INDEX('6.Gap'!$O$5:$O$24, MATCH(C5, '6.Gap'!$N$5:$N$24, 0)) | E5: =IF(D5=1, "★ Peringkat 1 – Sangat Direkomendasikan", IF(D5<=5, "Sangat Direkomendasikan", IF(D5<=10, "Direkomendasikan", "Pertimbangkan")))
A6: 2 | B6: =INDEX('6.Gap'!$A$5:$A$24, MATCH(C6, '6.Gap'!$N$5:$N$24, 0)) | C6: =SMALL('6.Gap'!$N$5:$N$24, A6) | D6: =INDEX('6.Gap'!$O$5:$O$24, MATCH(C6, '6.Gap'!$N$5:$N$24, 0)) | E6: =IF(D6=1, "★ Peringkat 1 – Sangat Direkomendasikan", IF(D6<=5, "Sangat Direkomendasikan", IF(D6<=10, "Direkomendasikan", "Pertimbangkan")))
A7: 3 | B7: =INDEX('6.Gap'!$A$5:$A$24, MATCH(C7, '6.Gap'!$N$5:$N$24, 0)) | C7: =SMALL('6.Gap'!$N$5:$N$24, A7) | D7: =INDEX('6.Gap'!$O$5:$O$24, MATCH(C7, '6.Gap'!$N$5:$N$24, 0)) | E7: =IF(D7=1, "★ Peringkat 1 – Sangat Direkomendasikan", IF(D7<=5, "Sangat Direkomendasikan", IF(D7<=10, "Direkomendasikan", "Pertimbangkan")))
A8: 4 | B8: =INDEX('6.Gap'!$A$5:$A$24, MATCH(C8, '6.Gap'!$N$5:$N$24, 0)) | C8: =SMALL('6.Gap'!$N$5:$N$24, A8) | D8: =INDEX('6.Gap'!$O$5:$O$24, MATCH(C8, '6.Gap'!$N$5:$N$24, 0)) | E8: =IF(D8=1, "★ Peringkat 1 – Sangat Direkomendasikan", IF(D8<=5, "Sangat Direkomendasikan", IF(D8<=10, "Direkomendasikan", "Pertimbangkan")))
A9: 5 | B9: =INDEX('6.Gap'!$A$5:$A$24, MATCH(C9, '6.Gap'!$N$5:$N$24, 0)) | C9: =SMALL('6.Gap'!$N$5:$N$24, A9) | D9: =INDEX('6.Gap'!$O$5:$O$24, MATCH(C9, '6.Gap'!$N$5:$N$24, 0)) | E9: =IF(D9=1, "★ Peringkat 1 – Sangat Direkomendasikan", IF(D9<=5, "Sangat Direkomendasikan", IF(D9<=10, "Direkomendasikan", "Pertimbangkan")))
A10: 6 | B10: =INDEX('6.Gap'!$A$5:$A$24, MATCH(C10, '6.Gap'!$N$5:$N$24, 0)) | C10: =SMALL('6.Gap'!$N$5:$N$24, A10) | D10: =INDEX('6.Gap'!$O$5:$O$24, MATCH(C10, '6.Gap'!$N$5:$N$24, 0)) | E10: =IF(D10=1, "★ Peringkat 1 – Sangat Direkomendasikan", IF(D10<=5, "Sangat Direkomendasikan", IF(D10<=10, "Direkomendasikan", "Pertimbangkan")))
A11: 7 | B11: =INDEX('6.Gap'!$A$5:$A$24, MATCH(C11, '6.Gap'!$N$5:$N$24, 0)) | C11: =SMALL('6.Gap'!$N$5:$N$24, A11) | D11: =INDEX('6.Gap'!$O$5:$O$24, MATCH(C11, '6.Gap'!$N$5:$N$24, 0)) | E11: =IF(D11=1, "★ Peringkat 1 – Sangat Direkomendasikan", IF(D11<=5, "Sangat Direkomendasikan", IF(D11<=10, "Direkomendasikan", "Pertimbangkan")))
A12: 8 | B12: =INDEX('6.Gap'!$A$5:$A$24, MATCH(C12, '6.Gap'!$N$5:$N$24, 0)) | C12: =SMALL('6.Gap'!$N$5:$N$24, A12) | D12: =INDEX('6.Gap'!$O$5:$O$24, MATCH(C12, '6.Gap'!$N$5:$N$24, 0)) | E12: =IF(D12=1, "★ Peringkat 1 – Sangat Direkomendasikan", IF(D12<=5, "Sangat Direkomendasikan", IF(D12<=10, "Direkomendasikan", "Pertimbangkan")))
A13: 9 | B13: =INDEX('6.Gap'!$A$5:$A$24, MATCH(C13, '6.Gap'!$N$5:$N$24, 0)) | C13: =SMALL('6.Gap'!$N$5:$N$24, A13) | D13: =INDEX('6.Gap'!$O$5:$O$24, MATCH(C13, '6.Gap'!$N$5:$N$24, 0)) | E13: =IF(D13=1, "★ Peringkat 1 – Sangat Direkomendasikan", IF(D13<=5, "Sangat Direkomendasikan", IF(D13<=10, "Direkomendasikan", "Pertimbangkan")))
A14: 10 | B14: =INDEX('6.Gap'!$A$5:$A$24, MATCH(C14, '6.Gap'!$N$5:$N$24, 0)) | C14: =SMALL('6.Gap'!$N$5:$N$24, A14) | D14: =INDEX('6.Gap'!$O$5:$O$24, MATCH(C14, '6.Gap'!$N$5:$N$24, 0)) | E14: =IF(D14=1, "★ Peringkat 1 – Sangat Direkomendasikan", IF(D14<=5, "Sangat Direkomendasikan", IF(D14<=10, "Direkomendasikan", "Pertimbangkan")))
A15: 11 | B15: =INDEX('6.Gap'!$A$5:$A$24, MATCH(C15, '6.Gap'!$N$5:$N$24, 0)) | C15: =SMALL('6.Gap'!$N$5:$N$24, A15) | D15: =INDEX('6.Gap'!$O$5:$O$24, MATCH(C15, '6.Gap'!$N$5:$N$24, 0)) | E15: =IF(D15=1, "★ Peringkat 1 – Sangat Direkomendasikan", IF(D15<=5, "Sangat Direkomendasikan", IF(D15<=10, "Direkomendasikan", "Pertimbangkan")))
A16: 12 | B16: =INDEX('6.Gap'!$A$5:$A$24, MATCH(C16, '6.Gap'!$N$5:$N$24, 0)) | C16: =SMALL('6.Gap'!$N$5:$N$24, A16) | D16: =INDEX('6.Gap'!$O$5:$O$24, MATCH(C16, '6.Gap'!$N$5:$N$24, 0)) | E16: =IF(D16=1, "★ Peringkat 1 – Sangat Direkomendasikan", IF(D16<=5, "Sangat Direkomendasikan", IF(D16<=10, "Direkomendasikan", "Pertimbangkan")))
... A24: 20 | B24: =INDEX('6.Gap'!$A$5:$A$24, MATCH(C24, '6.Gap'!$N$5:$N$24, 0)) | C24: =SMALL('6.Gap'!$N$5:$N$24, A24) | D24: =INDEX('6.Gap'!$O$5:$O$24, MATCH(C24, '6.Gap'!$N$5:$N$24, 0)) | E24: =IF(D24=1, "★ Peringkat 1 – Sangat Direkomendasikan", IF(D24<=5, "Sangat Direkomendasikan", IF(D24<=10, "Direkomendasikan", "Pertimbangkan")))

Sheet 8.Perbandingan
A1: ANALISIS PERBANDINGAN METODE DAN UJI SENSITIVITAS
A2: Berdasarkan Data Seleksi Smartphone Terbaik (20 Alternatif)
A4: Tabel 1. Perbandingan Nilai dan Peringkat SAW, WP, TOPSIS, dan SWARA-MAIRCA
A5: Alternatif | B5: SAW V | C5: Rank SAW | D5: WP V | E5: Rank WP | F5: TOPSIS V | G5: Rank TOPSIS | H5: MAIRCA Qi | I5: Rank MAIRCA | K5: Alt | L5: Rank R1 (MAIRCA) | M5: Rank R2 (SAW) | N5: d² (SAW) | O5: Rank R3 (WP) | P5: d² (WP) | Q5: Rank R4 (TOPSIS) | R5: d² (TOPSIS)
A6: A01 | B6: 0.59688269 | C6: =RANK(B6,$B$6:$B$25,0) | D6: 6.4265701 | E6: =RANK(D6,$D$6:$D$25,0) | F6: 0.33939977 | G6: =RANK(F6,$F$6:$F$25,0) | H6: ='6.Gap'!N5 | I6: ='6.Gap'!O5 | K6: A01 | L6: =I6 | M6: =C6 | N6: =(L6-M6)^2 | O6: =E6 | P6: =(L6-O6)^2 | Q6: =G6 | R6: =(L6-Q6)^2
A7: A02 | B7: 0.50786829 | C7: =RANK(B7,$B$6:$B$25,0) | D7: 4.729908 | E7: =RANK(D7,$D$6:$D$25,0) | F7: 0.27132887 | G7: =RANK(F7,$F$6:$F$25,0) | H7: ='6.Gap'!N6 | I7: ='6.Gap'!O6 | K7: A02 | L7: =I7 | M7: =C7 | N7: =(L7-M7)^2 | O7: =E7 | P7: =(L7-O7)^2 | Q7: =G7 | R7: =(L7-Q7)^2
A8: A03 | B8: 0.72433438 | C8: =RANK(B8,$B$6:$B$25,0) | D8: 8.3206475 | E8: =RANK(D8,$D$6:$D$25,0) | F8: 0.51768453 | G8: =RANK(F8,$F$6:$F$25,0) | H8: ='6.Gap'!N7 | I8: ='6.Gap'!O7 | K8: A03 | L8: =I8 | M8: =C8 | N8: =(L8-M8)^2 | O8: =E8 | P8: =(L8-O8)^2 | Q8: =G8 | R8: =(L8-Q8)^2
A9: A04 | B9: 0.64619792 | C9: =RANK(B9,$B$6:$B$25,0) | D9: 6.9625071 | E9: =RANK(D9,$D$6:$D$25,0) | F9: 0.40543982 | G9: =RANK(F9,$F$6:$F$25,0) | H9: ='6.Gap'!N8 | I9: ='6.Gap'!O8 | K9: A04 | L9: =I9 | M9: =C9 | N9: =(L9-M9)^2 | O9: =E9 | P9: =(L9-O9)^2 | Q9: =G9 | R9: =(L9-Q9)^2
A10: A05 | B10: 0.5493618 | C10: =RANK(B10,$B$6:$B$25,0) | D10: 5.7188934 | E10: =RANK(D10,$D$6:$D$25,0) | F10: 0.2991065 | G10: =RANK(F10,$F$6:$F$25,0) | H10: ='6.Gap'!N9 | I10: ='6.Gap'!O9 | K10: A05 | L10: =I10 | M10: =C10 | N10: =(L10-M10)^2 | O10: =E10 | P10: =(L10-O10)^2 | Q10: =G10 | R10: =(L10-Q10)^2
A11: A06 | B11: 0.83811948 | C11: =RANK(B11,$B$6:$B$25,0) | D11: 9.6337279 | E11: =RANK(D11,$D$6:$D$25,0) | F11: 0.70547865 | G11: =RANK(F11,$F$6:$F$25,0) | H11: ='6.Gap'!N10 | I11: ='6.Gap'!O10 | K11: A06 | L11: =I11 | M11: =C11 | N11: =(L11-M11)^2 | O11: =E11 | P11: =(L11-O11)^2 | Q11: =G11 | R11: =(L11-Q11)^2
A12: A07 | B12: 0.66619404 | C12: =RANK(B12,$B$6:$B$25,0) | D12: 7.1565981 | E12: =RANK(D12,$D$6:$D$25,0) | F12: 0.41535069 | G12: =RANK(F12,$F$6:$F$25,0) | H12: ='6.Gap'!N11 | I12: ='6.Gap'!O11 | K12: A07 | L12: =I12 | M12: =C12 | N12: =(L12-M12)^2 | O12: =E12 | P12: =(L12-O12)^2 | Q12: =G12 | R12: =(L12-Q12)^2
A13: A08 | B13: 0.50169957 | C13: =RANK(B13,$B$6:$B$25,0) | D13: 4.8576497 | E13: =RANK(D13,$D$6:$D$25,0) | F13: 0.29569258 | G13: =RANK(F13,$F$6:$F$25,0) | H13: ='6.Gap'!N12 | I13: ='6.Gap'!O12 | K13: A08 | L13: =I13 | M13: =C13 | N13: =(L13-M13)^2 | O13: =E13 | P13: =(L13-O13)^2 | Q13: =G13 | R13: =(L13-Q13)^2
A14: A09 | B14: 0.5965986 | C14: =RANK(B14,$B$6:$B$25,0) | D14: 5.8705187 | E14: =RANK(D14,$D$6:$D$25,0) | F14: 0.31304107 | G14: =RANK(F14,$F$6:$F$25,0) | H14: ='6.Gap'!N13 | I14: ='6.Gap'!O13 | K14: A09 | L14: =I14 | M14: =C14 | N14: =(L14-M14)^2 | O14: =E14 | P14: =(L14-O14)^2 | Q14: =G14 | R14: =(L14-Q14)^2
A15: A10 | B15: 0.72433438 | C15: =RANK(B15,$B$6:$B$25,0) | D15: 8.3206475 | E15: =RANK(D15,$D$6:$D$25,0) | F15: 0.51768453 | G15: =RANK(F15,$F$6:$F$25,0) | H15: ='6.Gap'!N14 | I15: ='6.Gap'!O14 | K15: A10 | L15: =I15 | M15: =C15 | N15: =(L15-M15)^2 | O15: =E15 | P15: =(L15-O15)^2 | Q15: =G15 | R15: =(L15-Q15)^2
A16: A11 | B16: 0.49397201 | C16: =RANK(B16,$B$6:$B$25,0) | D16: 4.8886884 | E16: =RANK(D16,$D$6:$D$25,0) | F16: 0.22690413 | G16: =RANK(F16,$F$6:$F$25,0) | H16: ='6.Gap'!N15 | I16: ='6.Gap'!O15 | K16: A11 | L16: =I16 | M16: =C16 | N16: =(L16-M16)^2 | O16: =E16 | P16: =(L16-O16)^2 | Q16: =G16 | R16: =(L16-Q16)^2
A17: A12 | B17: 0.6426142 | C17: =RANK(B17,$B$6:$B$25,0) | D17: 7.2028775 | E17: =RANK(D17,$D$6:$D$25,0) | F17: 0.35702154 | G17: =RANK(F17,$F$6:$F$25,0) | H17: ='6.Gap'!N16 | I17: ='6.Gap'!O16 | K17: A12 | L17: =I17 | M17: =C17 | N17: =(L17-M17)^2 | O17: =E17 | P17: =(L17-O17)^2 | Q17: =G17 | R17: =(L17-Q17)^2
... A25: A20 | B25: 0.71211322 | C25: =RANK(B25,$B$6:$B$25,0) | D25: 8.3239021 | E25: =RANK(D25,$D$6:$D$25,0) | F25: 0.43936738 | G25: =RANK(F25,$F$6:$F$25,0) | H25: ='6.Gap'!N24 | I25: ='6.Gap'!O24 | K25: A20 | L25: =I25 | M25: =C25 | N25: =(L25-M25)^2 | O25: =E25 | P25: =(L25-O25)^2 | Q25: =G25 | R25: =(L25-Q25)^2
K26: TOTAL Σ | N26: =SUM(N6:N25) | P26: =SUM(P6:P25) | R26: =SUM(R6:R25)
A29: Tabel 4. Analisis Sensitivitas (Variasi Bobot K12) | K29: Tabel 3. Koefisien Korelasi Spearman (rs)
A30: Variasi | B30: Bobot Baru | C30: Rank 1 Alt. | D30: Rank Changes | E30: % Changes | K30: Metode Pembanding | L30: Σ d² | M30: Koefisien rs | N30: Tingkat Hubungan
A31: -20% | B31: 0.10293769 | C31: A06 | D31: 4 | E31: 20.0% | K31: SWARA-MAIRCA vs SAW | L31: =N26 | M31: =1-(6*L31)/7980 | N31: =IF(M31>0.8,"Sangat Kuat",IF(M31>0.6,"Kuat",IF(M31>0.4,"Cukup Kuat","Lemah")))
A32: -10% | B32: 0.11580491 | C32: A06 | D32: 0 | E32: 0.0% | K32: SWARA-MAIRCA vs WP | L32: =P26 | M32: =1-(6*L32)/7980 | N32: =IF(M32>0.8,"Sangat Kuat",IF(M32>0.6,"Kuat",IF(M32>0.4,"Cukup Kuat","Lemah")))
A33: Base (0%) | B33: 0.12867212 | C33: A06 | D33: 0 | E33: 0.0% | K33: SWARA-MAIRCA vs TOPSIS | L33: =R26 | M33: =1-(6*L33)/7980 | N33: =IF(M33>0.8,"Sangat Kuat",IF(M33>0.6,"Kuat",IF(M33>0.4,"Cukup Kuat","Lemah")))
A34: +10% | B34: 0.14153933 | C34: A06 | D34: 2 | E34: 10.0%
A35: +20% | B35: 0.15440654 | C35: A06 | D35: 2 | E35: 10.0%
