Workbook

Sheet 1.Data
A1: MATRIKS DATA KEPUTUSAN — SELEKSI BEASISWA LAZIZMU
A2: Keterangan Kriteria | D2: K1 | E2: K2 | F2: K3 | G2: K4 | H2: K5 | I2: K6 | J2: K7 | K2: K8 | L2: K9 | M2: K10
A3: Tipe Kriteria | D3: Benefit | E3: Benefit | F3: Benefit | G3: Benefit | H3: Cost | I3: Cost | J3: Cost | K3: Cost | L3: Cost | M3: Cost
A4: Nama Kriteria | D4: Hasil Wawancara | E4: IPK | F4: Kepemilikan KIP | G4: Kepemilikan KKS | H4: Penghasilan Ayah | I4: Penghasilan Ibu | J4: Status Rumah | K4: Daya Listrik | L4: Luas Tanah | M4: Sumber Air
A7: MATRIKS KEPUTUSAN (Nilai Atribut tiap Alternatif)
A8: Alternatif | B8: K1 | C8: K2 | D8: K3 | E8: K4 | F8: K5 | G8: K6 | H8: K7 | I8: K8 | J8: K9 | K8: K10
A9: A01 | B9: 4 | C9: 3 | D9: 5 | E9: 5 | F9: 1 | G9: 1 | H9: 4 | I9: 1 | J9: 4 | K9: 2
A10: A02 | B10: 4 | C10: 3 | D10: 1 | E10: 1 | F10: 3 | G10: 1 | H10: 1 | I10: 1 | J10: 1 | K10: 2
A11: A03 | B11: 4 | C11: 4 | D11: 5 | E11: 5 | F11: 3 | G11: 1 | H11: 1 | I11: 1 | J11: 4 | K11: 1
A12: A04 | B12: 4 | C12: 2 | D12: 1 | E12: 1 | F12: 2 | G12: 1 | H12: 4 | I12: 1 | J12: 4 | K12: 2
A13: A05 | B13: 4 | C13: 3 | D13: 5 | E13: 5 | F13: 3 | G13: 2 | H13: 4 | I13: 1 | J13: 1 | K13: 2
A14: A06 | B14: 4 | C14: 4 | D14: 1 | E14: 1 | F14: 5 | G14: 1 | H14: 4 | I14: 1 | J14: 4 | K14: 2
A15: A07 | B15: 4 | C15: 3 | D15: 1 | E15: 1 | F15: 1 | G15: 1 | H15: 4 | I15: 1 | J15: 2 | K15: 2
A16: A08 | B16: 3 | C16: 3 | D16: 5 | E16: 5 | F16: 5 | G16: 1 | H16: 3 | I16: 1 | J16: 3 | K16: 3
A17: A09 | B17: 4 | C17: 3 | D17: 1 | E17: 5 | F17: 3 | G17: 1 | H17: 4 | I17: 1 | J17: 4 | K17: 2
A18: A10 | B18: 4 | C18: 3 | D18: 1 | E18: 1 | F18: 2 | G18: 1 | H18: 1 | I18: 1 | J18: 4 | K18: 2
A19: A11 | B19: 4 | C19: 2 | D19: 1 | E19: 1 | F19: 2 | G19: 1 | H19: 4 | I19: 1 | J19: 1 | K19: 2
A20: A12 | B20: 4 | C20: 2 | D20: 5 | E20: 5 | F20: 3 | G20: 3 | H20: 4 | I20: 1 | J20: 1 | K20: 2
... A28: A20 | B28: 4 | C28: 4 | D28: 1 | E28: 1 | F28: 3 | G28: 4 | H28: 4 | I28: 1 | J28: 5 | K28: 2
A30: Nilai MAX | B30: =MAX(B9:B28) -> 4 | C30: =MAX(C9:C28) -> 5 | D30: =MAX(D9:D28) -> 5 | E30: =MAX(E9:E28) -> 5 | F30: =MAX(F9:F28) -> 5 | G30: =MAX(G9:G28) -> 4 | H30: =MAX(H9:H28) -> 4 | I30: =MAX(I9:I28) -> 2 | ... K30: =MAX(K9:K28) -> 3
A31: Nilai MIN | B31: =MIN(B9:B28) -> 3 | C31: =MIN(C9:C28) -> 2 | D31: =MIN(D9:D28) -> 1 | E31: =MIN(E9:E28) -> 1 | F31: =MIN(F9:F28) -> 1 | G31: =MIN(G9:G28) -> 1 | H31: =MIN(H9:H28) -> 1 | I31: =MIN(I9:I28) -> 1 | ... K31: =MIN(K9:K28) -> 1

Sheet 2.SWARA
A1: PEMBOBOTAN KRITERIA — METODE SWARA (Step-wise Weight Assessment Ratio Analysis)
A2: Kj = Sj + 1 | Qj = Qj-1 / Kj (Q1 = 1) | Wj = Qj / ΣQj
A4: Prioritas | B4: Kode | C4: Nama Kriteria | D4: Sj (input) | E4: Kj = Sj+1 | F4: Qj | G4: Wj (Bobot)
A5: 1 | B5: K3 | C5: Status Kepemilikan KIP | D5: 0 | E5: =D5+1 -> 1 | F5: 1 | G5: =F5/$F$15 -> 0.14555542
A6: 2 | B6: K4 | C6: Status Kepemilikan KKS | D6: 0.05 | E6: =D6+1 -> 1.05 | F6: =F5/E6 -> 0.95238095 | G6: =F6/$F$15 -> 0.13862421
A7: 3 | B7: K2 | C7: Indeks Prestasi Kumulatif | D7: 0.1 | E7: =D7+1 -> 1.1 | F7: =F6/E7 -> 0.86580087 | G7: =F7/$F$15 -> 0.12602201
A8: 4 | B8: K1 | C8: Hasil Proses Wawancara | D8: 0.15 | E8: =D8+1 -> 1.15 | F8: =F7/E8 -> 0.75287032 | G8: =F8/$F$15 -> 0.10958435
A9: 5 | B9: K5 | C9: Penghasilan Orang Tua (Ayah) | D9: 0.1 | E9: =D9+1 -> 1.1 | F9: =F8/E9 -> 0.68442756 | G9: =F9/$F$15 -> 0.099622139
A10: 6 | B10: K9 | C10: Besaran Luas Tanah | D10: 0.1 | E10: =D10+1 -> 1.1 | F10: =F9/E10 -> 0.62220687 | G10: =F10/$F$15 -> 0.090565581
A11: 7 | B11: K7 | C11: Status Kepemilikan Rumah | D11: 0.1 | E11: =D11+1 -> 1.1 | F11: =F10/E11 -> 0.56564261 | G11: =F11/$F$15 -> 0.082332346
A12: 8 | B12: K6 | C12: Penghasilan Orang Tua (Ibu) | D12: 0.1 | E12: =D12+1 -> 1.1 | F12: =F11/E12 -> 0.51422056 | G12: =F12/$F$15 -> 0.074847587
A13: 9 | B13: K10 | C13: Jenis Sumber Air | D13: 0.1 | E13: =D13+1 -> 1.1 | F13: =F12/E13 -> 0.46747323 | G13: =F13/$F$15 -> 0.068043261
A14: 10 | B14: K8 | C14: Besaran Daya Listrik | D14: 0.05 | E14: =D14+1 -> 1.05 | F14: =F13/E14 -> 0.4452126 | G14: =F14/$F$15 -> 0.064803106
A15: TOTAL | F15: =SUM(F5:F14) -> 6.8702356 | G15: =SUM(G5:G14) -> 1
A17: REKAP BOBOT SWARA — Urutan Kriteria K1 s/d K10
A18: No | B18: Kode | C18: Nama Kriteria | D18: Tipe | E18: Prioritas | F18: Bobot Wj
A19: 1 | B19: K1 | C19: Hasil Proses Wawancara | D19: Benefit | E19: 4 | F19: =G8 -> 0.10958435
A20: 2 | B20: K2 | C20: Indeks Prestasi Kumulatif | D20: Benefit | E20: 3 | F20: =G7 -> 0.12602201
A21: 3 | B21: K3 | C21: Status Kepemilikan KIP | D21: Benefit | E21: 1 | F21: =G5 -> 0.14555542
A22: 4 | B22: K4 | C22: Status Kepemilikan KKS | D22: Benefit | E22: 2 | F22: =G6 -> 0.13862421
A23: 5 | B23: K5 | C23: Penghasilan Orang Tua (Ayah) | D23: Cost | E23: 5 | F23: =G9 -> 0.099622139
A24: 6 | B24: K6 | C24: Penghasilan Orang Tua (Ibu) | D24: Cost | E24: 8 | F24: =G12 -> 0.074847587
A25: 7 | B25: K7 | C25: Status Kepemilikan Rumah | D25: Cost | E25: 7 | F25: =G11 -> 0.082332346
A26: 8 | B26: K8 | C26: Besaran Daya Listrik | D26: Cost | E26: 10 | F26: =G14 -> 0.064803106
A27: 9 | B27: K9 | C27: Besaran Luas Tanah | D27: Cost | E27: 6 | F27: =G10 -> 0.090565581
A28: 10 | B28: K10 | C28: Jenis Sumber Air | D28: Cost | E28: 9 | F28: =G13 -> 0.068043261

Sheet 3.Normalisasi
A1: NORMALISASI MATRIKS KEPUTUSAN — MAIRCA
A2: Benefit: x̄ij = (xij − min) / (max − min) | Cost: x̄ij = (max − xij) / (max − min)
A3: Nilai MAX (ref.Data) | B3: ='1.Data'!B30 -> 4 | C3: ='1.Data'!C30 -> 5 | D3: ='1.Data'!D30 -> 5 | E3: ='1.Data'!E30 -> 5 | F3: ='1.Data'!F30 -> 5 | G3: ='1.Data'!G30 -> 4 | H3: ='1.Data'!H30 -> 4 | I3: ='1.Data'!I30 -> 2 | ... K3: ='1.Data'!K30 -> 3
A4: Nilai MIN (ref.Data) | B4: ='1.Data'!B31 -> 3 | C4: ='1.Data'!C31 -> 2 | D4: ='1.Data'!D31 -> 1 | E4: ='1.Data'!E31 -> 1 | F4: ='1.Data'!F31 -> 1 | G4: ='1.Data'!G31 -> 1 | H4: ='1.Data'!H31 -> 1 | I4: ='1.Data'!I31 -> 1 | ... K4: ='1.Data'!K31 -> 1
A5: Alternatif | B5: K1 | C5: K2 | D5: K3 | E5: K4 | F5: K5 | G5: K6 | H5: K7 | I5: K8 | J5: K9 | K5: K10
A6: A01 | B6: =IF($B$3=$B$4,0,('1.Data'!B9-$B$4)/($B$3-$B$4)) -> 1 | C6: =IF($C$3=$C$4,0,('1.Data'!C9-$C$4)/($C$3-$C$4)) -> 0.33333333 | D6: =IF($D$3=$D$4,0,('1.Data'!D9-$D$4)/($D$3-$D$4)) -> 1 | E6: =IF($E$3=$E$4,0,('1.Data'!E9-$E$4)/($E$3-$E$4)) -> 1 | F6: =IF($F$3=$F$4,0,($F$3-'1.Data'!F9)/($F$3-$F$4)) -> 1 | G6: =IF($G$3=$G$4,0,($G$3-'1.Data'!G9)/($G$3-$G$4)) -> 1 | H6: =IF($H$3=$H$4,0,($H$3-'1.Data'!H9)/($H$3-$H$4)) -> 0 | I6: =IF($I$3=$I$4,0,($I$3-'1.Data'!I9)/($I$3-$I$4)) -> 1 | J6: =IF($J$3=$J$4,0,($J$3-'1.Data'!J9)/($J$3-$J$4)) -> 0.25 | K6: =IF($K$3=$K$4,0,($K$3-'1.Data'!K9)/($K$3-$K$4)) -> 0.5
A7: A02 | B7: =IF($B$3=$B$4,0,('1.Data'!B10-$B$4)/($B$3-$B$4)) -> 1 | C7: =IF($C$3=$C$4,0,('1.Data'!C10-$C$4)/($C$3-$C$4)) -> 0.33333333 | D7: =IF($D$3=$D$4,0,('1.Data'!D10-$D$4)/($D$3-$D$4)) -> 0 | E7: =IF($E$3=$E$4,0,('1.Data'!E10-$E$4)/($E$3-$E$4)) -> 0 | F7: =IF($F$3=$F$4,0,($F$3-'1.Data'!F10)/($F$3-$F$4)) -> 0.5 | G7: =IF($G$3=$G$4,0,($G$3-'1.Data'!G10)/($G$3-$G$4)) -> 1 | H7: =IF($H$3=$H$4,0,($H$3-'1.Data'!H10)/($H$3-$H$4)) -> 1 | I7: =IF($I$3=$I$4,0,($I$3-'1.Data'!I10)/($I$3-$I$4)) -> 1 | J7: =IF($J$3=$J$4,0,($J$3-'1.Data'!J10)/($J$3-$J$4)) -> 1 | K7: =IF($K$3=$K$4,0,($K$3-'1.Data'!K10)/($K$3-$K$4)) -> 0.5
A8: A03 | B8: =IF($B$3=$B$4,0,('1.Data'!B11-$B$4)/($B$3-$B$4)) -> 1 | C8: =IF($C$3=$C$4,0,('1.Data'!C11-$C$4)/($C$3-$C$4)) -> 0.66666667 | D8: =IF($D$3=$D$4,0,('1.Data'!D11-$D$4)/($D$3-$D$4)) -> 1 | E8: =IF($E$3=$E$4,0,('1.Data'!E11-$E$4)/($E$3-$E$4)) -> 1 | F8: =IF($F$3=$F$4,0,($F$3-'1.Data'!F11)/($F$3-$F$4)) -> 0.5 | G8: =IF($G$3=$G$4,0,($G$3-'1.Data'!G11)/($G$3-$G$4)) -> 1 | H8: =IF($H$3=$H$4,0,($H$3-'1.Data'!H11)/($H$3-$H$4)) -> 1 | I8: =IF($I$3=$I$4,0,($I$3-'1.Data'!I11)/($I$3-$I$4)) -> 1 | J8: =IF($J$3=$J$4,0,($J$3-'1.Data'!J11)/($J$3-$J$4)) -> 0.25 | K8: =IF($K$3=$K$4,0,($K$3-'1.Data'!K11)/($K$3-$K$4)) -> 1
A9: A04 | B9: =IF($B$3=$B$4,0,('1.Data'!B12-$B$4)/($B$3-$B$4)) -> 1 | C9: =IF($C$3=$C$4,0,('1.Data'!C12-$C$4)/($C$3-$C$4)) -> 0 | D9: =IF($D$3=$D$4,0,('1.Data'!D12-$D$4)/($D$3-$D$4)) -> 0 | E9: =IF($E$3=$E$4,0,('1.Data'!E12-$E$4)/($E$3-$E$4)) -> 0 | F9: =IF($F$3=$F$4,0,($F$3-'1.Data'!F12)/($F$3-$F$4)) -> 0.75 | G9: =IF($G$3=$G$4,0,($G$3-'1.Data'!G12)/($G$3-$G$4)) -> 1 | H9: =IF($H$3=$H$4,0,($H$3-'1.Data'!H12)/($H$3-$H$4)) -> 0 | I9: =IF($I$3=$I$4,0,($I$3-'1.Data'!I12)/($I$3-$I$4)) -> 1 | J9: =IF($J$3=$J$4,0,($J$3-'1.Data'!J12)/($J$3-$J$4)) -> 0.25 | K9: =IF($K$3=$K$4,0,($K$3-'1.Data'!K12)/($K$3-$K$4)) -> 0.5
A10: A05 | B10: =IF($B$3=$B$4,0,('1.Data'!B13-$B$4)/($B$3-$B$4)) -> 1 | C10: =IF($C$3=$C$4,0,('1.Data'!C13-$C$4)/($C$3-$C$4)) -> 0.33333333 | D10: =IF($D$3=$D$4,0,('1.Data'!D13-$D$4)/($D$3-$D$4)) -> 1 | E10: =IF($E$3=$E$4,0,('1.Data'!E13-$E$4)/($E$3-$E$4)) -> 1 | F10: =IF($F$3=$F$4,0,($F$3-'1.Data'!F13)/($F$3-$F$4)) -> 0.5 | G10: =IF($G$3=$G$4,0,($G$3-'1.Data'!G13)/($G$3-$G$4)) -> 0.66666667 | H10: =IF($H$3=$H$4,0,($H$3-'1.Data'!H13)/($H$3-$H$4)) -> 0 | I10: =IF($I$3=$I$4,0,($I$3-'1.Data'!I13)/($I$3-$I$4)) -> 1 | J10: =IF($J$3=$J$4,0,($J$3-'1.Data'!J13)/($J$3-$J$4)) -> 1 | K10: =IF($K$3=$K$4,0,($K$3-'1.Data'!K13)/($K$3-$K$4)) -> 0.5
A11: A06 | B11: =IF($B$3=$B$4,0,('1.Data'!B14-$B$4)/($B$3-$B$4)) -> 1 | C11: =IF($C$3=$C$4,0,('1.Data'!C14-$C$4)/($C$3-$C$4)) -> 0.66666667 | D11: =IF($D$3=$D$4,0,('1.Data'!D14-$D$4)/($D$3-$D$4)) -> 0 | E11: =IF($E$3=$E$4,0,('1.Data'!E14-$E$4)/($E$3-$E$4)) -> 0 | F11: =IF($F$3=$F$4,0,($F$3-'1.Data'!F14)/($F$3-$F$4)) -> 0 | G11: =IF($G$3=$G$4,0,($G$3-'1.Data'!G14)/($G$3-$G$4)) -> 1 | H11: =IF($H$3=$H$4,0,($H$3-'1.Data'!H14)/($H$3-$H$4)) -> 0 | I11: =IF($I$3=$I$4,0,($I$3-'1.Data'!I14)/($I$3-$I$4)) -> 1 | J11: =IF($J$3=$J$4,0,($J$3-'1.Data'!J14)/($J$3-$J$4)) -> 0.25 | K11: =IF($K$3=$K$4,0,($K$3-'1.Data'!K14)/($K$3-$K$4)) -> 0.5
A12: A07 | B12: =IF($B$3=$B$4,0,('1.Data'!B15-$B$4)/($B$3-$B$4)) -> 1 | C12: =IF($C$3=$C$4,0,('1.Data'!C15-$C$4)/($C$3-$C$4)) -> 0.33333333 | D12: =IF($D$3=$D$4,0,('1.Data'!D15-$D$4)/($D$3-$D$4)) -> 0 | E12: =IF($E$3=$E$4,0,('1.Data'!E15-$E$4)/($E$3-$E$4)) -> 0 | F12: =IF($F$3=$F$4,0,($F$3-'1.Data'!F15)/($F$3-$F$4)) -> 1 | G12: =IF($G$3=$G$4,0,($G$3-'1.Data'!G15)/($G$3-$G$4)) -> 1 | H12: =IF($H$3=$H$4,0,($H$3-'1.Data'!H15)/($H$3-$H$4)) -> 0 | I12: =IF($I$3=$I$4,0,($I$3-'1.Data'!I15)/($I$3-$I$4)) -> 1 | J12: =IF($J$3=$J$4,0,($J$3-'1.Data'!J15)/($J$3-$J$4)) -> 0.75 | K12: =IF($K$3=$K$4,0,($K$3-'1.Data'!K15)/($K$3-$K$4)) -> 0.5
A13: A08 | B13: =IF($B$3=$B$4,0,('1.Data'!B16-$B$4)/($B$3-$B$4)) -> 0 | C13: =IF($C$3=$C$4,0,('1.Data'!C16-$C$4)/($C$3-$C$4)) -> 0.33333333 | D13: =IF($D$3=$D$4,0,('1.Data'!D16-$D$4)/($D$3-$D$4)) -> 1 | E13: =IF($E$3=$E$4,0,('1.Data'!E16-$E$4)/($E$3-$E$4)) -> 1 | F13: =IF($F$3=$F$4,0,($F$3-'1.Data'!F16)/($F$3-$F$4)) -> 0 | G13: =IF($G$3=$G$4,0,($G$3-'1.Data'!G16)/($G$3-$G$4)) -> 1 | H13: =IF($H$3=$H$4,0,($H$3-'1.Data'!H16)/($H$3-$H$4)) -> 0.33333333 | I13: =IF($I$3=$I$4,0,($I$3-'1.Data'!I16)/($I$3-$I$4)) -> 1 | J13: =IF($J$3=$J$4,0,($J$3-'1.Data'!J16)/($J$3-$J$4)) -> 0.5 | K13: =IF($K$3=$K$4,0,($K$3-'1.Data'!K16)/($K$3-$K$4)) -> 0
A14: A09 | B14: =IF($B$3=$B$4,0,('1.Data'!B17-$B$4)/($B$3-$B$4)) -> 1 | C14: =IF($C$3=$C$4,0,('1.Data'!C17-$C$4)/($C$3-$C$4)) -> 0.33333333 | D14: =IF($D$3=$D$4,0,('1.Data'!D17-$D$4)/($D$3-$D$4)) -> 0 | E14: =IF($E$3=$E$4,0,('1.Data'!E17-$E$4)/($E$3-$E$4)) -> 1 | F14: =IF($F$3=$F$4,0,($F$3-'1.Data'!F17)/($F$3-$F$4)) -> 0.5 | G14: =IF($G$3=$G$4,0,($G$3-'1.Data'!G17)/($G$3-$G$4)) -> 1 | H14: =IF($H$3=$H$4,0,($H$3-'1.Data'!H17)/($H$3-$H$4)) -> 0 | I14: =IF($I$3=$I$4,0,($I$3-'1.Data'!I17)/($I$3-$I$4)) -> 1 | J14: =IF($J$3=$J$4,0,($J$3-'1.Data'!J17)/($J$3-$J$4)) -> 0.25 | K14: =IF($K$3=$K$4,0,($K$3-'1.Data'!K17)/($K$3-$K$4)) -> 0.5
A15: A10 | B15: =IF($B$3=$B$4,0,('1.Data'!B18-$B$4)/($B$3-$B$4)) -> 1 | C15: =IF($C$3=$C$4,0,('1.Data'!C18-$C$4)/($C$3-$C$4)) -> 0.33333333 | D15: =IF($D$3=$D$4,0,('1.Data'!D18-$D$4)/($D$3-$D$4)) -> 0 | E15: =IF($E$3=$E$4,0,('1.Data'!E18-$E$4)/($E$3-$E$4)) -> 0 | F15: =IF($F$3=$F$4,0,($F$3-'1.Data'!F18)/($F$3-$F$4)) -> 0.75 | G15: =IF($G$3=$G$4,0,($G$3-'1.Data'!G18)/($G$3-$G$4)) -> 1 | H15: =IF($H$3=$H$4,0,($H$3-'1.Data'!H18)/($H$3-$H$4)) -> 1 | I15: =IF($I$3=$I$4,0,($I$3-'1.Data'!I18)/($I$3-$I$4)) -> 1 | J15: =IF($J$3=$J$4,0,($J$3-'1.Data'!J18)/($J$3-$J$4)) -> 0.25 | K15: =IF($K$3=$K$4,0,($K$3-'1.Data'!K18)/($K$3-$K$4)) -> 0.5
A16: A11 | B16: =IF($B$3=$B$4,0,('1.Data'!B19-$B$4)/($B$3-$B$4)) -> 1 | C16: =IF($C$3=$C$4,0,('1.Data'!C19-$C$4)/($C$3-$C$4)) -> 0 | D16: =IF($D$3=$D$4,0,('1.Data'!D19-$D$4)/($D$3-$D$4)) -> 0 | E16: =IF($E$3=$E$4,0,('1.Data'!E19-$E$4)/($E$3-$E$4)) -> 0 | F16: =IF($F$3=$F$4,0,($F$3-'1.Data'!F19)/($F$3-$F$4)) -> 0.75 | G16: =IF($G$3=$G$4,0,($G$3-'1.Data'!G19)/($G$3-$G$4)) -> 1 | H16: =IF($H$3=$H$4,0,($H$3-'1.Data'!H19)/($H$3-$H$4)) -> 0 | I16: =IF($I$3=$I$4,0,($I$3-'1.Data'!I19)/($I$3-$I$4)) -> 1 | J16: =IF($J$3=$J$4,0,($J$3-'1.Data'!J19)/($J$3-$J$4)) -> 1 | K16: =IF($K$3=$K$4,0,($K$3-'1.Data'!K19)/($K$3-$K$4)) -> 0.5
A17: A12 | B17: =IF($B$3=$B$4,0,('1.Data'!B20-$B$4)/($B$3-$B$4)) -> 1 | C17: =IF($C$3=$C$4,0,('1.Data'!C20-$C$4)/($C$3-$C$4)) -> 0 | D17: =IF($D$3=$D$4,0,('1.Data'!D20-$D$4)/($D$3-$D$4)) -> 1 | E17: =IF($E$3=$E$4,0,('1.Data'!E20-$E$4)/($E$3-$E$4)) -> 1 | F17: =IF($F$3=$F$4,0,($F$3-'1.Data'!F20)/($F$3-$F$4)) -> 0.5 | G17: =IF($G$3=$G$4,0,($G$3-'1.Data'!G20)/($G$3-$G$4)) -> 0.33333333 | H17: =IF($H$3=$H$4,0,($H$3-'1.Data'!H20)/($H$3-$H$4)) -> 0 | I17: =IF($I$3=$I$4,0,($I$3-'1.Data'!I20)/($I$3-$I$4)) -> 1 | J17: =IF($J$3=$J$4,0,($J$3-'1.Data'!J20)/($J$3-$J$4)) -> 1 | K17: =IF($K$3=$K$4,0,($K$3-'1.Data'!K20)/($K$3-$K$4)) -> 0.5
... A25: A20 | B25: =IF($B$3=$B$4,0,('1.Data'!B28-$B$4)/($B$3-$B$4)) -> 1 | C25: =IF($C$3=$C$4,0,('1.Data'!C28-$C$4)/($C$3-$C$4)) -> 0.66666667 | D25: =IF($D$3=$D$4,0,('1.Data'!D28-$D$4)/($D$3-$D$4)) -> 0 | E25: =IF($E$3=$E$4,0,('1.Data'!E28-$E$4)/($E$3-$E$4)) -> 0 | F25: =IF($F$3=$F$4,0,($F$3-'1.Data'!F28)/($F$3-$F$4)) -> 0.5 | G25: =IF($G$3=$G$4,0,($G$3-'1.Data'!G28)/($G$3-$G$4)) -> 0 | H25: =IF($H$3=$H$4,0,($H$3-'1.Data'!H28)/($H$3-$H$4)) -> 0 | I25: =IF($I$3=$I$4,0,($I$3-'1.Data'!I28)/($I$3-$I$4)) -> 1 | J25: =IF($J$3=$J$4,0,($J$3-'1.Data'!J28)/($J$3-$J$4)) -> 0 | K25: =IF($K$3=$K$4,0,($K$3-'1.Data'!K28)/($K$3-$K$4)) -> 0.5

Sheet 4.Pref.Teoritis
A1: PREFERENSI TEORITIS (TPij) — MAIRCA
A2: Rumus: TPij = Wj / m (m = jumlah alternatif = 15)
A3: Bobot Wj (ref. SWARA) | B3: ='2.SWARA'!F19 -> 0.10958435 | C3: ='2.SWARA'!F20 -> 0.12602201 | D3: ='2.SWARA'!F21 -> 0.14555542 | E3: ='2.SWARA'!F22 -> 0.13862421 | F3: ='2.SWARA'!F23 -> 0.099622139 | G3: ='2.SWARA'!F24 -> 0.074847587 | H3: ='2.SWARA'!F25 -> 0.082332346 | I3: ='2.SWARA'!F26 -> 0.064803106 | J3: ='2.SWARA'!F27 -> 0.090565581 | K3: ='2.SWARA'!F28 -> 0.068043261
A4: Alternatif | B4: K1 | C4: K2 | D4: K3 | E4: K4 | F4: K5 | G4: K6 | H4: K7 | I4: K8 | J4: K9 | K4: K10
A5: A01 | B5: ='2.SWARA'!F19/20 -> 0.0054792176 | C5: ='2.SWARA'!F20/20 -> 0.0063011003 | D5: ='2.SWARA'!F21/20 -> 0.0072777708 | E5: ='2.SWARA'!F22/20 -> 0.0069312103 | F5: ='2.SWARA'!F23/20 -> 0.0049811069 | G5: ='2.SWARA'!F24/20 -> 0.0037423794 | H5: ='2.SWARA'!F25/20 -> 0.0041166173 | I5: ='2.SWARA'!F26/20 -> 0.0032401553 | J5: ='2.SWARA'!F27/20 -> 0.004528279 | K5: ='2.SWARA'!F28/20 -> 0.0034021631
A6: A02 | B6: ='2.SWARA'!F19/20 -> 0.0054792176 | C6: ='2.SWARA'!F20/20 -> 0.0063011003 | D6: ='2.SWARA'!F21/20 -> 0.0072777708 | E6: ='2.SWARA'!F22/20 -> 0.0069312103 | F6: ='2.SWARA'!F23/20 -> 0.0049811069 | G6: ='2.SWARA'!F24/20 -> 0.0037423794 | H6: ='2.SWARA'!F25/20 -> 0.0041166173 | I6: ='2.SWARA'!F26/20 -> 0.0032401553 | J6: ='2.SWARA'!F27/20 -> 0.004528279 | K6: ='2.SWARA'!F28/20 -> 0.0034021631
A7: A03 | B7: ='2.SWARA'!F19/20 -> 0.0054792176 | C7: ='2.SWARA'!F20/20 -> 0.0063011003 | D7: ='2.SWARA'!F21/20 -> 0.0072777708 | E7: ='2.SWARA'!F22/20 -> 0.0069312103 | F7: ='2.SWARA'!F23/20 -> 0.0049811069 | G7: ='2.SWARA'!F24/20 -> 0.0037423794 | H7: ='2.SWARA'!F25/20 -> 0.0041166173 | I7: ='2.SWARA'!F26/20 -> 0.0032401553 | J7: ='2.SWARA'!F27/20 -> 0.004528279 | K7: ='2.SWARA'!F28/20 -> 0.0034021631
A8: A04 | B8: ='2.SWARA'!F19/20 -> 0.0054792176 | C8: ='2.SWARA'!F20/20 -> 0.0063011003 | D8: ='2.SWARA'!F21/20 -> 0.0072777708 | E8: ='2.SWARA'!F22/20 -> 0.0069312103 | F8: ='2.SWARA'!F23/20 -> 0.0049811069 | G8: ='2.SWARA'!F24/20 -> 0.0037423794 | H8: ='2.SWARA'!F25/20 -> 0.0041166173 | I8: ='2.SWARA'!F26/20 -> 0.0032401553 | J8: ='2.SWARA'!F27/20 -> 0.004528279 | K8: ='2.SWARA'!F28/20 -> 0.0034021631
A9: A05 | B9: ='2.SWARA'!F19/20 -> 0.0054792176 | C9: ='2.SWARA'!F20/20 -> 0.0063011003 | D9: ='2.SWARA'!F21/20 -> 0.0072777708 | E9: ='2.SWARA'!F22/20 -> 0.0069312103 | F9: ='2.SWARA'!F23/20 -> 0.0049811069 | G9: ='2.SWARA'!F24/20 -> 0.0037423794 | H9: ='2.SWARA'!F25/20 -> 0.0041166173 | I9: ='2.SWARA'!F26/20 -> 0.0032401553 | J9: ='2.SWARA'!F27/20 -> 0.004528279 | K9: ='2.SWARA'!F28/20 -> 0.0034021631
A10: A06 | B10: ='2.SWARA'!F19/20 -> 0.0054792176 | C10: ='2.SWARA'!F20/20 -> 0.0063011003 | D10: ='2.SWARA'!F21/20 -> 0.0072777708 | E10: ='2.SWARA'!F22/20 -> 0.0069312103 | F10: ='2.SWARA'!F23/20 -> 0.0049811069 | G10: ='2.SWARA'!F24/20 -> 0.0037423794 | H10: ='2.SWARA'!F25/20 -> 0.0041166173 | I10: ='2.SWARA'!F26/20 -> 0.0032401553 | J10: ='2.SWARA'!F27/20 -> 0.004528279 | K10: ='2.SWARA'!F28/20 -> 0.0034021631
A11: A07 | B11: ='2.SWARA'!F19/20 -> 0.0054792176 | C11: ='2.SWARA'!F20/20 -> 0.0063011003 | D11: ='2.SWARA'!F21/20 -> 0.0072777708 | E11: ='2.SWARA'!F22/20 -> 0.0069312103 | F11: ='2.SWARA'!F23/20 -> 0.0049811069 | G11: ='2.SWARA'!F24/20 -> 0.0037423794 | H11: ='2.SWARA'!F25/20 -> 0.0041166173 | I11: ='2.SWARA'!F26/20 -> 0.0032401553 | J11: ='2.SWARA'!F27/20 -> 0.004528279 | K11: ='2.SWARA'!F28/20 -> 0.0034021631
A12: A08 | B12: ='2.SWARA'!F19/20 -> 0.0054792176 | C12: ='2.SWARA'!F20/20 -> 0.0063011003 | D12: ='2.SWARA'!F21/20 -> 0.0072777708 | E12: ='2.SWARA'!F22/20 -> 0.0069312103 | F12: ='2.SWARA'!F23/20 -> 0.0049811069 | G12: ='2.SWARA'!F24/20 -> 0.0037423794 | H12: ='2.SWARA'!F25/20 -> 0.0041166173 | I12: ='2.SWARA'!F26/20 -> 0.0032401553 | J12: ='2.SWARA'!F27/20 -> 0.004528279 | K12: ='2.SWARA'!F28/20 -> 0.0034021631
A13: A09 | B13: ='2.SWARA'!F19/20 -> 0.0054792176 | C13: ='2.SWARA'!F20/20 -> 0.0063011003 | D13: ='2.SWARA'!F21/20 -> 0.0072777708 | E13: ='2.SWARA'!F22/20 -> 0.0069312103 | F13: ='2.SWARA'!F23/20 -> 0.0049811069 | G13: ='2.SWARA'!F24/20 -> 0.0037423794 | H13: ='2.SWARA'!F25/20 -> 0.0041166173 | I13: ='2.SWARA'!F26/20 -> 0.0032401553 | J13: ='2.SWARA'!F27/20 -> 0.004528279 | K13: ='2.SWARA'!F28/20 -> 0.0034021631
A14: A10 | B14: ='2.SWARA'!F19/20 -> 0.0054792176 | C14: ='2.SWARA'!F20/20 -> 0.0063011003 | D14: ='2.SWARA'!F21/20 -> 0.0072777708 | E14: ='2.SWARA'!F22/20 -> 0.0069312103 | F14: ='2.SWARA'!F23/20 -> 0.0049811069 | G14: ='2.SWARA'!F24/20 -> 0.0037423794 | H14: ='2.SWARA'!F25/20 -> 0.0041166173 | I14: ='2.SWARA'!F26/20 -> 0.0032401553 | J14: ='2.SWARA'!F27/20 -> 0.004528279 | K14: ='2.SWARA'!F28/20 -> 0.0034021631
A15: A11 | B15: ='2.SWARA'!F19/20 -> 0.0054792176 | C15: ='2.SWARA'!F20/20 -> 0.0063011003 | D15: ='2.SWARA'!F21/20 -> 0.0072777708 | E15: ='2.SWARA'!F22/20 -> 0.0069312103 | F15: ='2.SWARA'!F23/20 -> 0.0049811069 | G15: ='2.SWARA'!F24/20 -> 0.0037423794 | H15: ='2.SWARA'!F25/20 -> 0.0041166173 | I15: ='2.SWARA'!F26/20 -> 0.0032401553 | J15: ='2.SWARA'!F27/20 -> 0.004528279 | K15: ='2.SWARA'!F28/20 -> 0.0034021631
A16: A12 | B16: ='2.SWARA'!F19/20 -> 0.0054792176 | C16: ='2.SWARA'!F20/20 -> 0.0063011003 | D16: ='2.SWARA'!F21/20 -> 0.0072777708 | E16: ='2.SWARA'!F22/20 -> 0.0069312103 | F16: ='2.SWARA'!F23/20 -> 0.0049811069 | G16: ='2.SWARA'!F24/20 -> 0.0037423794 | H16: ='2.SWARA'!F25/20 -> 0.0041166173 | I16: ='2.SWARA'!F26/20 -> 0.0032401553 | J16: ='2.SWARA'!F27/20 -> 0.004528279 | K16: ='2.SWARA'!F28/20 -> 0.0034021631
A17: A13 | B17: ='2.SWARA'!F19/20 -> 0.0054792176 | C17: ='2.SWARA'!F20/20 -> 0.0063011003 | D17: ='2.SWARA'!F21/20 -> 0.0072777708 | E17: ='2.SWARA'!F22/20 -> 0.0069312103 | F17: ='2.SWARA'!F23/20 -> 0.0049811069 | G17: ='2.SWARA'!F24/20 -> 0.0037423794 | H17: ='2.SWARA'!F25/20 -> 0.0041166173 | I17: ='2.SWARA'!F26/20 -> 0.0032401553 | J17: ='2.SWARA'!F27/20 -> 0.004528279 | K17: ='2.SWARA'!F28/20 -> 0.0034021631
A18: A14 | B18: ='2.SWARA'!F19/20 -> 0.0054792176 | C18: ='2.SWARA'!F20/20 -> 0.0063011003 | D18: ='2.SWARA'!F21/20 -> 0.0072777708 | E18: ='2.SWARA'!F22/20 -> 0.0069312103 | F18: ='2.SWARA'!F23/20 -> 0.0049811069 | G18: ='2.SWARA'!F24/20 -> 0.0037423794 | H18: ='2.SWARA'!F25/20 -> 0.0041166173 | I18: ='2.SWARA'!F26/20 -> 0.0032401553 | J18: ='2.SWARA'!F27/20 -> 0.004528279 | K18: ='2.SWARA'!F28/20 -> 0.0034021631
A19: A15 | B19: ='2.SWARA'!F19/20 -> 0.0054792176 | C19: ='2.SWARA'!F20/20 -> 0.0063011003 | D19: ='2.SWARA'!F21/20 -> 0.0072777708 | E19: ='2.SWARA'!F22/20 -> 0.0069312103 | F19: ='2.SWARA'!F23/20 -> 0.0049811069 | G19: ='2.SWARA'!F24/20 -> 0.0037423794 | H19: ='2.SWARA'!F25/20 -> 0.0041166173 | I19: ='2.SWARA'!F26/20 -> 0.0032401553 | J19: ='2.SWARA'!F27/20 -> 0.004528279 | K19: ='2.SWARA'!F28/20 -> 0.0034021631
A20: A16 | B20: ='2.SWARA'!F19/20 -> 0.0054792176 | C20: ='2.SWARA'!F20/20 -> 0.0063011003 | D20: ='2.SWARA'!F21/20 -> 0.0072777708 | E20: ='2.SWARA'!F22/20 -> 0.0069312103 | F20: ='2.SWARA'!F23/20 -> 0.0049811069 | G20: ='2.SWARA'!F24/20 -> 0.0037423794 | H20: ='2.SWARA'!F25/20 -> 0.0041166173 | I20: ='2.SWARA'!F26/20 -> 0.0032401553 | J20: ='2.SWARA'!F27/20 -> 0.004528279 | K20: ='2.SWARA'!F28/20 -> 0.0034021631
A21: A17 | B21: ='2.SWARA'!F19/20 -> 0.0054792176 | C21: ='2.SWARA'!F20/20 -> 0.0063011003 | D21: ='2.SWARA'!F21/20 -> 0.0072777708 | E21: ='2.SWARA'!F22/20 -> 0.0069312103 | F21: ='2.SWARA'!F23/20 -> 0.0049811069 | G21: ='2.SWARA'!F24/20 -> 0.0037423794 | H21: ='2.SWARA'!F25/20 -> 0.0041166173 | I21: ='2.SWARA'!F26/20 -> 0.0032401553 | J21: ='2.SWARA'!F27/20 -> 0.004528279 | K21: ='2.SWARA'!F28/20 -> 0.0034021631
A22: A18 | B22: ='2.SWARA'!F19/20 -> 0.0054792176 | C22: ='2.SWARA'!F20/20 -> 0.0063011003 | D22: ='2.SWARA'!F21/20 -> 0.0072777708 | E22: ='2.SWARA'!F22/20 -> 0.0069312103 | F22: ='2.SWARA'!F23/20 -> 0.0049811069 | G22: ='2.SWARA'!F24/20 -> 0.0037423794 | H22: ='2.SWARA'!F25/20 -> 0.0041166173 | I22: ='2.SWARA'!F26/20 -> 0.0032401553 | J22: ='2.SWARA'!F27/20 -> 0.004528279 | K22: ='2.SWARA'!F28/20 -> 0.0034021631
A23: A19 | B23: ='2.SWARA'!F19/20 -> 0.0054792176 | C23: ='2.SWARA'!F20/20 -> 0.0063011003 | D23: ='2.SWARA'!F21/20 -> 0.0072777708 | E23: ='2.SWARA'!F22/20 -> 0.0069312103 | F23: ='2.SWARA'!F23/20 -> 0.0049811069 | G23: ='2.SWARA'!F24/20 -> 0.0037423794 | H23: ='2.SWARA'!F25/20 -> 0.0041166173 | I23: ='2.SWARA'!F26/20 -> 0.0032401553 | J23: ='2.SWARA'!F27/20 -> 0.004528279 | K23: ='2.SWARA'!F28/20 -> 0.0034021631
A24: A20 | B24: ='2.SWARA'!F19/20 -> 0.0054792176 | C24: ='2.SWARA'!F20/20 -> 0.0063011003 | D24: ='2.SWARA'!F21/20 -> 0.0072777708 | E24: ='2.SWARA'!F22/20 -> 0.0069312103 | F24: ='2.SWARA'!F23/20 -> 0.0049811069 | G24: ='2.SWARA'!F24/20 -> 0.0037423794 | H24: ='2.SWARA'!F25/20 -> 0.0041166173 | I24: ='2.SWARA'!F26/20 -> 0.0032401553 | J24: ='2.SWARA'!F27/20 -> 0.004528279 | K24: ='2.SWARA'!F28/20 -> 0.0034021631

Sheet 5.Pref.Nyata
A1: PREFERENSI NYATA (PPij) — MAIRCA
A2: Rumus: PPij = TPij × x̄ij (TPij dari sheet Pref.Teoritis, x̄ij dari sheet Normalisasi)
A3: Alternatif | B3: K1 | C3: K2 | D3: K3 | E3: K4 | F3: K5 | G3: K6 | H3: K7 | I3: K8 | J3: K9 | K3: K10
A4: A01 | B4: ='4.Pref.Teoritis'!B5*'3.Normalisasi'!B6 -> 0.0054792176 | C4: ='4.Pref.Teoritis'!C5*'3.Normalisasi'!C6 -> 0.0021003668 | D4: ='4.Pref.Teoritis'!D5*'3.Normalisasi'!D6 -> 0.0072777708 | E4: ='4.Pref.Teoritis'!E5*'3.Normalisasi'!E6 -> 0.0069312103 | F4: ='4.Pref.Teoritis'!F5*'3.Normalisasi'!F6 -> 0.0049811069 | G4: ='4.Pref.Teoritis'!G5*'3.Normalisasi'!G6 -> 0.0037423794 | H4: ='4.Pref.Teoritis'!H5*'3.Normalisasi'!H6 -> 0 | I4: ='4.Pref.Teoritis'!I5*'3.Normalisasi'!I6 -> 0.0032401553 | ... K4: ='4.Pref.Teoritis'!K5*'3.Normalisasi'!K6 -> 0.0017010815
A5: A02 | B5: ='4.Pref.Teoritis'!B6*'3.Normalisasi'!B7 -> 0.0054792176 | C5: ='4.Pref.Teoritis'!C6*'3.Normalisasi'!C7 -> 0.0021003668 | D5: ='4.Pref.Teoritis'!D6*'3.Normalisasi'!D7 -> 0 | E5: ='4.Pref.Teoritis'!E6*'3.Normalisasi'!E7 -> 0 | F5: ='4.Pref.Teoritis'!F6*'3.Normalisasi'!F7 -> 0.0024905535 | G5: ='4.Pref.Teoritis'!G6*'3.Normalisasi'!G7 -> 0.0037423794 | H5: ='4.Pref.Teoritis'!H6*'3.Normalisasi'!H7 -> 0.0041166173 | I5: ='4.Pref.Teoritis'!I6*'3.Normalisasi'!I7 -> 0.0032401553 | ... K5: ='4.Pref.Teoritis'!K6*'3.Normalisasi'!K7 -> 0.0017010815
A6: A03 | B6: ='4.Pref.Teoritis'!B7*'3.Normalisasi'!B8 -> 0.0054792176 | C6: ='4.Pref.Teoritis'!C7*'3.Normalisasi'!C8 -> 0.0042007335 | D6: ='4.Pref.Teoritis'!D7*'3.Normalisasi'!D8 -> 0.0072777708 | E6: ='4.Pref.Teoritis'!E7*'3.Normalisasi'!E8 -> 0.0069312103 | F6: ='4.Pref.Teoritis'!F7*'3.Normalisasi'!F8 -> 0.0024905535 | G6: ='4.Pref.Teoritis'!G7*'3.Normalisasi'!G8 -> 0.0037423794 | H6: ='4.Pref.Teoritis'!H7*'3.Normalisasi'!H8 -> 0.0041166173 | I6: ='4.Pref.Teoritis'!I7*'3.Normalisasi'!I8 -> 0.0032401553 | ... K6: ='4.Pref.Teoritis'!K7*'3.Normalisasi'!K8 -> 0.0034021631
A7: A04 | B7: ='4.Pref.Teoritis'!B8*'3.Normalisasi'!B9 -> 0.0054792176 | C7: ='4.Pref.Teoritis'!C8*'3.Normalisasi'!C9 -> 0 | D7: ='4.Pref.Teoritis'!D8*'3.Normalisasi'!D9 -> 0 | E7: ='4.Pref.Teoritis'!E8*'3.Normalisasi'!E9 -> 0 | F7: ='4.Pref.Teoritis'!F8*'3.Normalisasi'!F9 -> 0.0037358302 | G7: ='4.Pref.Teoritis'!G8*'3.Normalisasi'!G9 -> 0.0037423794 | H7: ='4.Pref.Teoritis'!H8*'3.Normalisasi'!H9 -> 0 | I7: ='4.Pref.Teoritis'!I8*'3.Normalisasi'!I9 -> 0.0032401553 | ... K7: ='4.Pref.Teoritis'!K8*'3.Normalisasi'!K9 -> 0.0017010815
A8: A05 | B8: ='4.Pref.Teoritis'!B9*'3.Normalisasi'!B10 -> 0.0054792176 | C8: ='4.Pref.Teoritis'!C9*'3.Normalisasi'!C10 -> 0.0021003668 | D8: ='4.Pref.Teoritis'!D9*'3.Normalisasi'!D10 -> 0.0072777708 | E8: ='4.Pref.Teoritis'!E9*'3.Normalisasi'!E10 -> 0.0069312103 | F8: ='4.Pref.Teoritis'!F9*'3.Normalisasi'!F10 -> 0.0024905535 | G8: ='4.Pref.Teoritis'!G9*'3.Normalisasi'!G10 -> 0.0024949196 | H8: ='4.Pref.Teoritis'!H9*'3.Normalisasi'!H10 -> 0 | I8: ='4.Pref.Teoritis'!I9*'3.Normalisasi'!I10 -> 0.0032401553 | ... K8: ='4.Pref.Teoritis'!K9*'3.Normalisasi'!K10 -> 0.0017010815
A9: A06 | B9: ='4.Pref.Teoritis'!B10*'3.Normalisasi'!B11 -> 0.0054792176 | C9: ='4.Pref.Teoritis'!C10*'3.Normalisasi'!C11 -> 0.0042007335 | D9: ='4.Pref.Teoritis'!D10*'3.Normalisasi'!D11 -> 0 | E9: ='4.Pref.Teoritis'!E10*'3.Normalisasi'!E11 -> 0 | F9: ='4.Pref.Teoritis'!F10*'3.Normalisasi'!F11 -> 0 | G9: ='4.Pref.Teoritis'!G10*'3.Normalisasi'!G11 -> 0.0037423794 | H9: ='4.Pref.Teoritis'!H10*'3.Normalisasi'!H11 -> 0 | I9: ='4.Pref.Teoritis'!I10*'3.Normalisasi'!I11 -> 0.0032401553 | ... K9: ='4.Pref.Teoritis'!K10*'3.Normalisasi'!K11 -> 0.0017010815
A10: A07 | B10: ='4.Pref.Teoritis'!B11*'3.Normalisasi'!B12 -> 0.0054792176 | C10: ='4.Pref.Teoritis'!C11*'3.Normalisasi'!C12 -> 0.0021003668 | D10: ='4.Pref.Teoritis'!D11*'3.Normalisasi'!D12 -> 0 | E10: ='4.Pref.Teoritis'!E11*'3.Normalisasi'!E12 -> 0 | F10: ='4.Pref.Teoritis'!F11*'3.Normalisasi'!F12 -> 0.0049811069 | G10: ='4.Pref.Teoritis'!G11*'3.Normalisasi'!G12 -> 0.0037423794 | H10: ='4.Pref.Teoritis'!H11*'3.Normalisasi'!H12 -> 0 | I10: ='4.Pref.Teoritis'!I11*'3.Normalisasi'!I12 -> 0.0032401553 | ... K10: ='4.Pref.Teoritis'!K11*'3.Normalisasi'!K12 -> 0.0017010815
A11: A08 | B11: ='4.Pref.Teoritis'!B12*'3.Normalisasi'!B13 -> 0 | C11: ='4.Pref.Teoritis'!C12*'3.Normalisasi'!C13 -> 0.0021003668 | D11: ='4.Pref.Teoritis'!D12*'3.Normalisasi'!D13 -> 0.0072777708 | E11: ='4.Pref.Teoritis'!E12*'3.Normalisasi'!E13 -> 0.0069312103 | F11: ='4.Pref.Teoritis'!F12*'3.Normalisasi'!F13 -> 0 | G11: ='4.Pref.Teoritis'!G12*'3.Normalisasi'!G13 -> 0.0037423794 | H11: ='4.Pref.Teoritis'!H12*'3.Normalisasi'!H13 -> 0.0013722058 | I11: ='4.Pref.Teoritis'!I12*'3.Normalisasi'!I13 -> 0.0032401553 | ... K11: ='4.Pref.Teoritis'!K12*'3.Normalisasi'!K13 -> 0
A12: A09 | B12: ='4.Pref.Teoritis'!B13*'3.Normalisasi'!B14 -> 0.0054792176 | C12: ='4.Pref.Teoritis'!C13*'3.Normalisasi'!C14 -> 0.0021003668 | D12: ='4.Pref.Teoritis'!D13*'3.Normalisasi'!D14 -> 0 | E12: ='4.Pref.Teoritis'!E13*'3.Normalisasi'!E14 -> 0.0069312103 | F12: ='4.Pref.Teoritis'!F13*'3.Normalisasi'!F14 -> 0.0024905535 | G12: ='4.Pref.Teoritis'!G13*'3.Normalisasi'!G14 -> 0.0037423794 | H12: ='4.Pref.Teoritis'!H13*'3.Normalisasi'!H14 -> 0 | I12: ='4.Pref.Teoritis'!I13*'3.Normalisasi'!I14 -> 0.0032401553 | ... K12: ='4.Pref.Teoritis'!K13*'3.Normalisasi'!K14 -> 0.0017010815
A13: A10 | B13: ='4.Pref.Teoritis'!B14*'3.Normalisasi'!B15 -> 0.0054792176 | C13: ='4.Pref.Teoritis'!C14*'3.Normalisasi'!C15 -> 0.0021003668 | D13: ='4.Pref.Teoritis'!D14*'3.Normalisasi'!D15 -> 0 | E13: ='4.Pref.Teoritis'!E14*'3.Normalisasi'!E15 -> 0 | F13: ='4.Pref.Teoritis'!F14*'3.Normalisasi'!F15 -> 0.0037358302 | G13: ='4.Pref.Teoritis'!G14*'3.Normalisasi'!G15 -> 0.0037423794 | H13: ='4.Pref.Teoritis'!H14*'3.Normalisasi'!H15 -> 0.0041166173 | I13: ='4.Pref.Teoritis'!I14*'3.Normalisasi'!I15 -> 0.0032401553 | ... K13: ='4.Pref.Teoritis'!K14*'3.Normalisasi'!K15 -> 0.0017010815
A14: A11 | B14: ='4.Pref.Teoritis'!B15*'3.Normalisasi'!B16 -> 0.0054792176 | C14: ='4.Pref.Teoritis'!C15*'3.Normalisasi'!C16 -> 0 | D14: ='4.Pref.Teoritis'!D15*'3.Normalisasi'!D16 -> 0 | E14: ='4.Pref.Teoritis'!E15*'3.Normalisasi'!E16 -> 0 | F14: ='4.Pref.Teoritis'!F15*'3.Normalisasi'!F16 -> 0.0037358302 | G14: ='4.Pref.Teoritis'!G15*'3.Normalisasi'!G16 -> 0.0037423794 | H14: ='4.Pref.Teoritis'!H15*'3.Normalisasi'!H16 -> 0 | I14: ='4.Pref.Teoritis'!I15*'3.Normalisasi'!I16 -> 0.0032401553 | ... K14: ='4.Pref.Teoritis'!K15*'3.Normalisasi'!K16 -> 0.0017010815
A15: A12 | B15: ='4.Pref.Teoritis'!B16*'3.Normalisasi'!B17 -> 0.0054792176 | C15: ='4.Pref.Teoritis'!C16*'3.Normalisasi'!C17 -> 0 | D15: ='4.Pref.Teoritis'!D16*'3.Normalisasi'!D17 -> 0.0072777708 | E15: ='4.Pref.Teoritis'!E16*'3.Normalisasi'!E17 -> 0.0069312103 | F15: ='4.Pref.Teoritis'!F16*'3.Normalisasi'!F17 -> 0.0024905535 | G15: ='4.Pref.Teoritis'!G16*'3.Normalisasi'!G17 -> 0.0012474598 | H15: ='4.Pref.Teoritis'!H16*'3.Normalisasi'!H17 -> 0 | I15: ='4.Pref.Teoritis'!I16*'3.Normalisasi'!I17 -> 0.0032401553 | ... K15: ='4.Pref.Teoritis'!K16*'3.Normalisasi'!K17 -> 0.0017010815
... A23: A20 | B23: ='4.Pref.Teoritis'!B24*'3.Normalisasi'!B25 -> 0.0054792176 | C23: ='4.Pref.Teoritis'!C24*'3.Normalisasi'!C25 -> 0.0042007335 | D23: ='4.Pref.Teoritis'!D24*'3.Normalisasi'!D25 -> 0 | E23: ='4.Pref.Teoritis'!E24*'3.Normalisasi'!E25 -> 0 | F23: ='4.Pref.Teoritis'!F24*'3.Normalisasi'!F25 -> 0.0024905535 | G23: ='4.Pref.Teoritis'!G24*'3.Normalisasi'!G25 -> 0 | H23: ='4.Pref.Teoritis'!H24*'3.Normalisasi'!H25 -> 0 | I23: ='4.Pref.Teoritis'!I24*'3.Normalisasi'!I25 -> 0.0032401553 | ... K23: ='4.Pref.Teoritis'!K24*'3.Normalisasi'!K25 -> 0.0017010815

Sheet 6.Gap
A1: MATRIKS GAP (Gij) DAN NILAI Qi — MAIRCA
A2: Rumus Gap: Gij = TPij − PPij | Rumus Qi: Qi = Σ Gij (semakin kecil Qi = semakin baik)
A3: Alternatif | B3: K1 | C3: K2 | D3: K3 | E3: K4 | F3: K5 | G3: K6 | H3: K7 | I3: K8 | J3: K9 | K3: K10 | L3: Qi (Σ Gap) | M3: Rank
A4: A01 | B4: ='4.Pref.Teoritis'!B5-'5.Pref.Nyata'!B4 -> 0 | C4: ='4.Pref.Teoritis'!C5-'5.Pref.Nyata'!C4 -> 0.0042007335 | D4: ='4.Pref.Teoritis'!D5-'5.Pref.Nyata'!D4 -> 0 | E4: ='4.Pref.Teoritis'!E5-'5.Pref.Nyata'!E4 -> 0 | F4: ='4.Pref.Teoritis'!F5-'5.Pref.Nyata'!F4 -> 0 | G4: ='4.Pref.Teoritis'!G5-'5.Pref.Nyata'!G4 -> 0 | H4: ='4.Pref.Teoritis'!H5-'5.Pref.Nyata'!H4 -> 0.0041166173 | I4: ='4.Pref.Teoritis'!I5-'5.Pref.Nyata'!I4 -> 0 | ... K4: ='4.Pref.Teoritis'!K5-'5.Pref.Nyata'!K4 -> 0.0017010815 | L4: =SUM(B4:K4) -> 0.013414642 | M4: =RANK(L4,$L$4:$L$23,1) -> 3
A5: A02 | B5: ='4.Pref.Teoritis'!B6-'5.Pref.Nyata'!B5 -> 0 | C5: ='4.Pref.Teoritis'!C6-'5.Pref.Nyata'!C5 -> 0.0042007335 | D5: ='4.Pref.Teoritis'!D6-'5.Pref.Nyata'!D5 -> 0.0072777708 | E5: ='4.Pref.Teoritis'!E6-'5.Pref.Nyata'!E5 -> 0.0069312103 | F5: ='4.Pref.Teoritis'!F6-'5.Pref.Nyata'!F5 -> 0.0024905535 | G5: ='4.Pref.Teoritis'!G6-'5.Pref.Nyata'!G5 -> 0 | H5: ='4.Pref.Teoritis'!H6-'5.Pref.Nyata'!H5 -> 0 | I5: ='4.Pref.Teoritis'!I6-'5.Pref.Nyata'!I5 -> 0 | ... K5: ='4.Pref.Teoritis'!K6-'5.Pref.Nyata'!K5 -> 0.0017010815 | L5: =SUM(B5:K5) -> 0.02260135 | M5: =RANK(L5,$L$4:$L$23,1) -> 6
A6: A03 | B6: ='4.Pref.Teoritis'!B7-'5.Pref.Nyata'!B6 -> 0 | C6: ='4.Pref.Teoritis'!C7-'5.Pref.Nyata'!C6 -> 0.0021003668 | D6: ='4.Pref.Teoritis'!D7-'5.Pref.Nyata'!D6 -> 0 | E6: ='4.Pref.Teoritis'!E7-'5.Pref.Nyata'!E6 -> 0 | F6: ='4.Pref.Teoritis'!F7-'5.Pref.Nyata'!F6 -> 0.0024905535 | G6: ='4.Pref.Teoritis'!G7-'5.Pref.Nyata'!G6 -> 0 | H6: ='4.Pref.Teoritis'!H7-'5.Pref.Nyata'!H6 -> 0 | I6: ='4.Pref.Teoritis'!I7-'5.Pref.Nyata'!I6 -> 0 | ... K6: ='4.Pref.Teoritis'!K7-'5.Pref.Nyata'!K6 -> 0 | L6: =SUM(B6:K6) -> 0.0079871295 | M6: =RANK(L6,$L$4:$L$23,1) -> 1
A7: A04 | B7: ='4.Pref.Teoritis'!B8-'5.Pref.Nyata'!B7 -> 0 | C7: ='4.Pref.Teoritis'!C8-'5.Pref.Nyata'!C7 -> 0.0063011003 | D7: ='4.Pref.Teoritis'!D8-'5.Pref.Nyata'!D7 -> 0.0072777708 | E7: ='4.Pref.Teoritis'!E8-'5.Pref.Nyata'!E7 -> 0.0069312103 | F7: ='4.Pref.Teoritis'!F8-'5.Pref.Nyata'!F7 -> 0.0012452767 | G7: ='4.Pref.Teoritis'!G8-'5.Pref.Nyata'!G7 -> 0 | H7: ='4.Pref.Teoritis'!H8-'5.Pref.Nyata'!H7 -> 0.0041166173 | I7: ='4.Pref.Teoritis'!I8-'5.Pref.Nyata'!I7 -> 0 | ... K7: ='4.Pref.Teoritis'!K8-'5.Pref.Nyata'!K7 -> 0.0017010815 | L7: =SUM(B7:K7) -> 0.030969266 | M7: =RANK(L7,$L$4:$L$23,1) -> 16
A8: A05 | B8: ='4.Pref.Teoritis'!B9-'5.Pref.Nyata'!B8 -> 0 | C8: ='4.Pref.Teoritis'!C9-'5.Pref.Nyata'!C8 -> 0.0042007335 | D8: ='4.Pref.Teoritis'!D9-'5.Pref.Nyata'!D8 -> 0 | E8: ='4.Pref.Teoritis'!E9-'5.Pref.Nyata'!E8 -> 0 | F8: ='4.Pref.Teoritis'!F9-'5.Pref.Nyata'!F8 -> 0.0024905535 | G8: ='4.Pref.Teoritis'!G9-'5.Pref.Nyata'!G8 -> 0.0012474598 | H8: ='4.Pref.Teoritis'!H9-'5.Pref.Nyata'!H8 -> 0.0041166173 | I8: ='4.Pref.Teoritis'!I9-'5.Pref.Nyata'!I8 -> 0 | ... K8: ='4.Pref.Teoritis'!K9-'5.Pref.Nyata'!K8 -> 0.0017010815 | L8: =SUM(B8:K8) -> 0.013756446 | M8: =RANK(L8,$L$4:$L$23,1) -> 4
A9: A06 | B9: ='4.Pref.Teoritis'!B10-'5.Pref.Nyata'!B9 -> 0 | C9: ='4.Pref.Teoritis'!C10-'5.Pref.Nyata'!C9 -> 0.0021003668 | D9: ='4.Pref.Teoritis'!D10-'5.Pref.Nyata'!D9 -> 0.0072777708 | E9: ='4.Pref.Teoritis'!E10-'5.Pref.Nyata'!E9 -> 0.0069312103 | F9: ='4.Pref.Teoritis'!F10-'5.Pref.Nyata'!F9 -> 0.0049811069 | G9: ='4.Pref.Teoritis'!G10-'5.Pref.Nyata'!G9 -> 0 | H9: ='4.Pref.Teoritis'!H10-'5.Pref.Nyata'!H9 -> 0.0041166173 | I9: ='4.Pref.Teoritis'!I10-'5.Pref.Nyata'!I9 -> 0 | ... K9: ='4.Pref.Teoritis'!K10-'5.Pref.Nyata'!K9 -> 0.0017010815 | L9: =SUM(B9:K9) -> 0.030504363 | M9: =RANK(L9,$L$4:$L$23,1) -> 15
A10: A07 | B10: ='4.Pref.Teoritis'!B11-'5.Pref.Nyata'!B10 -> 0 | C10: ='4.Pref.Teoritis'!C11-'5.Pref.Nyata'!C10 -> 0.0042007335 | D10: ='4.Pref.Teoritis'!D11-'5.Pref.Nyata'!D10 -> 0.0072777708 | E10: ='4.Pref.Teoritis'!E11-'5.Pref.Nyata'!E10 -> 0.0069312103 | F10: ='4.Pref.Teoritis'!F11-'5.Pref.Nyata'!F10 -> 0 | G10: ='4.Pref.Teoritis'!G11-'5.Pref.Nyata'!G10 -> 0 | H10: ='4.Pref.Teoritis'!H11-'5.Pref.Nyata'!H10 -> 0.0041166173 | I10: ='4.Pref.Teoritis'!I11-'5.Pref.Nyata'!I10 -> 0 | ... K10: ='4.Pref.Teoritis'!K11-'5.Pref.Nyata'!K10 -> 0.0017010815 | L10: =SUM(B10:K10) -> 0.025359483 | M10: =RANK(L10,$L$4:$L$23,1) -> 10
A11: A08 | B11: ='4.Pref.Teoritis'!B12-'5.Pref.Nyata'!B11 -> 0.0054792176 | C11: ='4.Pref.Teoritis'!C12-'5.Pref.Nyata'!C11 -> 0.0042007335 | D11: ='4.Pref.Teoritis'!D12-'5.Pref.Nyata'!D11 -> 0 | E11: ='4.Pref.Teoritis'!E12-'5.Pref.Nyata'!E11 -> 0 | F11: ='4.Pref.Teoritis'!F12-'5.Pref.Nyata'!F11 -> 0.0049811069 | G11: ='4.Pref.Teoritis'!G12-'5.Pref.Nyata'!G11 -> 0 | H11: ='4.Pref.Teoritis'!H12-'5.Pref.Nyata'!H11 -> 0.0027444115 | I11: ='4.Pref.Teoritis'!I12-'5.Pref.Nyata'!I11 -> 0 | ... K11: ='4.Pref.Teoritis'!K12-'5.Pref.Nyata'!K11 -> 0.0034021631 | L11: =SUM(B11:K11) -> 0.023071772 | M11: =RANK(L11,$L$4:$L$23,1) -> 7
A12: A09 | B12: ='4.Pref.Teoritis'!B13-'5.Pref.Nyata'!B12 -> 0 | C12: ='4.Pref.Teoritis'!C13-'5.Pref.Nyata'!C12 -> 0.0042007335 | D12: ='4.Pref.Teoritis'!D13-'5.Pref.Nyata'!D12 -> 0.0072777708 | E12: ='4.Pref.Teoritis'!E13-'5.Pref.Nyata'!E12 -> 0 | F12: ='4.Pref.Teoritis'!F13-'5.Pref.Nyata'!F12 -> 0.0024905535 | G12: ='4.Pref.Teoritis'!G13-'5.Pref.Nyata'!G12 -> 0 | H12: ='4.Pref.Teoritis'!H13-'5.Pref.Nyata'!H12 -> 0.0041166173 | I12: ='4.Pref.Teoritis'!I13-'5.Pref.Nyata'!I12 -> 0 | ... K12: ='4.Pref.Teoritis'!K13-'5.Pref.Nyata'!K12 -> 0.0017010815 | L12: =SUM(B12:K12) -> 0.023182966 | M12: =RANK(L12,$L$4:$L$23,1) -> 8
A13: A10 | B13: ='4.Pref.Teoritis'!B14-'5.Pref.Nyata'!B13 -> 0 | C13: ='4.Pref.Teoritis'!C14-'5.Pref.Nyata'!C13 -> 0.0042007335 | D13: ='4.Pref.Teoritis'!D14-'5.Pref.Nyata'!D13 -> 0.0072777708 | E13: ='4.Pref.Teoritis'!E14-'5.Pref.Nyata'!E13 -> 0.0069312103 | F13: ='4.Pref.Teoritis'!F14-'5.Pref.Nyata'!F13 -> 0.0012452767 | G13: ='4.Pref.Teoritis'!G14-'5.Pref.Nyata'!G13 -> 0 | H13: ='4.Pref.Teoritis'!H14-'5.Pref.Nyata'!H13 -> 0 | I13: ='4.Pref.Teoritis'!I14-'5.Pref.Nyata'!I13 -> 0 | ... K13: ='4.Pref.Teoritis'!K14-'5.Pref.Nyata'!K13 -> 0.0017010815 | L13: =SUM(B13:K13) -> 0.024752282 | M13: =RANK(L13,$L$4:$L$23,1) -> 9
A14: A11 | B14: ='4.Pref.Teoritis'!B15-'5.Pref.Nyata'!B14 -> 0 | C14: ='4.Pref.Teoritis'!C15-'5.Pref.Nyata'!C14 -> 0.0063011003 | D14: ='4.Pref.Teoritis'!D15-'5.Pref.Nyata'!D14 -> 0.0072777708 | E14: ='4.Pref.Teoritis'!E15-'5.Pref.Nyata'!E14 -> 0.0069312103 | F14: ='4.Pref.Teoritis'!F15-'5.Pref.Nyata'!F14 -> 0.0012452767 | G14: ='4.Pref.Teoritis'!G15-'5.Pref.Nyata'!G14 -> 0 | H14: ='4.Pref.Teoritis'!H15-'5.Pref.Nyata'!H14 -> 0.0041166173 | I14: ='4.Pref.Teoritis'!I15-'5.Pref.Nyata'!I14 -> 0 | ... K14: ='4.Pref.Teoritis'!K15-'5.Pref.Nyata'!K14 -> 0.0017010815 | L14: =SUM(B14:K14) -> 0.027573057 | M14: =RANK(L14,$L$4:$L$23,1) -> 12
A15: A12 | B15: ='4.Pref.Teoritis'!B16-'5.Pref.Nyata'!B15 -> 0 | C15: ='4.Pref.Teoritis'!C16-'5.Pref.Nyata'!C15 -> 0.0063011003 | D15: ='4.Pref.Teoritis'!D16-'5.Pref.Nyata'!D15 -> 0 | E15: ='4.Pref.Teoritis'!E16-'5.Pref.Nyata'!E15 -> 0 | F15: ='4.Pref.Teoritis'!F16-'5.Pref.Nyata'!F15 -> 0.0024905535 | G15: ='4.Pref.Teoritis'!G16-'5.Pref.Nyata'!G15 -> 0.0024949196 | H15: ='4.Pref.Teoritis'!H16-'5.Pref.Nyata'!H15 -> 0.0041166173 | I15: ='4.Pref.Teoritis'!I16-'5.Pref.Nyata'!I15 -> 0 | ... K15: ='4.Pref.Teoritis'!K16-'5.Pref.Nyata'!K15 -> 0.0017010815 | L15: =SUM(B15:K15) -> 0.017104272 | M15: =RANK(L15,$L$4:$L$23,1) -> 5
... A23: A20 | B23: ='4.Pref.Teoritis'!B24-'5.Pref.Nyata'!B23 -> 0 | C23: ='4.Pref.Teoritis'!C24-'5.Pref.Nyata'!C23 -> 0.0021003668 | D23: ='4.Pref.Teoritis'!D24-'5.Pref.Nyata'!D23 -> 0.0072777708 | E23: ='4.Pref.Teoritis'!E24-'5.Pref.Nyata'!E23 -> 0.0069312103 | F23: ='4.Pref.Teoritis'!F24-'5.Pref.Nyata'!F23 -> 0.0024905535 | G23: ='4.Pref.Teoritis'!G24-'5.Pref.Nyata'!G23 -> 0.0037423794 | H23: ='4.Pref.Teoritis'!H24-'5.Pref.Nyata'!H23 -> 0.0041166173 | I23: ='4.Pref.Teoritis'!I24-'5.Pref.Nyata'!I23 -> 0 | ... K23: ='4.Pref.Teoritis'!K24-'5.Pref.Nyata'!K23 -> 0.0017010815 | L23: =SUM(B23:K23) -> 0.032888259 | M23: =RANK(L23,$L$4:$L$23,1) -> 20

Sheet 7.Hasil
A1: HASIL AKHIR PERANGKINGAN — METODE SWARA + MAIRCA
A2: Catatan: Nilai Qi terkecil = alternatif terbaik (Semakin kecil Qi, semakin direkomendasikan)
A3: No | B3: Alternatif | C3: Nilai Qi | D3: Rank | E3: Keterangan
A4: 1 | B4: A01 | C4: ='6.Gap'!L4 -> 0.013414642 | D4: ='6.Gap'!M4 -> 3 | E4: =IF(D4=1,"★ Peringkat 1 – Sangat Direkomendasikan",IF(D4<=3,"Sangat Direkomendasikan",IF(D4<=7,"Direkomendasikan","Pertimbangkan"))) -> Sangat Direkomendasikan
A5: 2 | B5: A02 | C5: ='6.Gap'!L5 -> 0.02260135 | D5: ='6.Gap'!M5 -> 6 | E5: =IF(D5=1,"★ Peringkat 1 – Sangat Direkomendasikan",IF(D5<=3,"Sangat Direkomendasikan",IF(D5<=7,"Direkomendasikan","Pertimbangkan"))) -> Direkomendasikan
A6: 3 | B6: A03 | C6: ='6.Gap'!L6 -> 0.0079871295 | D6: ='6.Gap'!M6 -> 1 | E6: =IF(D6=1,"★ Peringkat 1 – Sangat Direkomendasikan",IF(D6<=3,"Sangat Direkomendasikan",IF(D6<=7,"Direkomendasikan","Pertimbangkan"))) -> ★ Peringkat 1 – Sangat Direkomendasikan
A7: 4 | B7: A04 | C7: ='6.Gap'!L7 -> 0.030969266 | D7: ='6.Gap'!M7 -> 16 | E7: =IF(D7=1,"★ Peringkat 1 – Sangat Direkomendasikan",IF(D7<=3,"Sangat Direkomendasikan",IF(D7<=7,"Direkomendasikan","Pertimbangkan"))) -> Pertimbangkan
A8: 5 | B8: A05 | C8: ='6.Gap'!L8 -> 0.013756446 | D8: ='6.Gap'!M8 -> 4 | E8: =IF(D8=1,"★ Peringkat 1 – Sangat Direkomendasikan",IF(D8<=3,"Sangat Direkomendasikan",IF(D8<=7,"Direkomendasikan","Pertimbangkan"))) -> Direkomendasikan
A9: 6 | B9: A06 | C9: ='6.Gap'!L9 -> 0.030504363 | D9: ='6.Gap'!M9 -> 15 | E9: =IF(D9=1,"★ Peringkat 1 – Sangat Direkomendasikan",IF(D9<=3,"Sangat Direkomendasikan",IF(D9<=7,"Direkomendasikan","Pertimbangkan"))) -> Pertimbangkan
A10: 7 | B10: A07 | C10: ='6.Gap'!L10 -> 0.025359483 | D10: ='6.Gap'!M10 -> 10 | E10: =IF(D10=1,"★ Peringkat 1 – Sangat Direkomendasikan",IF(D10<=3,"Sangat Direkomendasikan",IF(D10<=7,"Direkomendasikan","Pertimbangkan"))) -> Pertimbangkan
A11: 8 | B11: A08 | C11: ='6.Gap'!L11 -> 0.023071772 | D11: ='6.Gap'!M11 -> 7 | E11: =IF(D11=1,"★ Peringkat 1 – Sangat Direkomendasikan",IF(D11<=3,"Sangat Direkomendasikan",IF(D11<=7,"Direkomendasikan","Pertimbangkan"))) -> Direkomendasikan
A12: 9 | B12: A09 | C12: ='6.Gap'!L12 -> 0.023182966 | D12: ='6.Gap'!M12 -> 8 | E12: =IF(D12=1,"★ Peringkat 1 – Sangat Direkomendasikan",IF(D12<=3,"Sangat Direkomendasikan",IF(D12<=7,"Direkomendasikan","Pertimbangkan"))) -> Pertimbangkan
A13: 10 | B13: A10 | C13: ='6.Gap'!L13 -> 0.024752282 | D13: ='6.Gap'!M13 -> 9 | E13: =IF(D13=1,"★ Peringkat 1 – Sangat Direkomendasikan",IF(D13<=3,"Sangat Direkomendasikan",IF(D13<=7,"Direkomendasikan","Pertimbangkan"))) -> Pertimbangkan
A14: 11 | B14: A11 | C14: ='6.Gap'!L14 -> 0.027573057 | D14: ='6.Gap'!M14 -> 12 | E14: =IF(D14=1,"★ Peringkat 1 – Sangat Direkomendasikan",IF(D14<=3,"Sangat Direkomendasikan",IF(D14<=7,"Direkomendasikan","Pertimbangkan"))) -> Pertimbangkan
A15: 12 | B15: A12 | C15: ='6.Gap'!L15 -> 0.017104272 | D15: ='6.Gap'!M15 -> 5 | E15: =IF(D15=1,"★ Peringkat 1 – Sangat Direkomendasikan",IF(D15<=3,"Sangat Direkomendasikan",IF(D15<=7,"Direkomendasikan","Pertimbangkan"))) -> Direkomendasikan
... A23: 20 | B23: A20 | C23: ='6.Gap'!L23 -> 0.032888259 | D23: ='6.Gap'!M23 -> 20 | E23: =IF(D23=1,"★ Peringkat 1 – Sangat Direkomendasikan",IF(D23<=3,"Sangat Direkomendasikan",IF(D23<=7,"Direkomendasikan","Pertimbangkan"))) -> Pertimbangkan
A26: BOBOT KRITERIA (SWARA) – REKAP AKHIR
A27: No | B27: Kode | C27: Nama Kriteria | D27: Tipe | E27: Bobot Wj
A28: 1 | B28: K1 | C28: Hasil Proses Wawancara | D28: Benefit | E28: ='2.SWARA'!F19 -> 0.10958435
A29: 2 | B29: K2 | C29: Indeks Prestasi Kumulatif | D29: Benefit | E29: ='2.SWARA'!F20 -> 0.12602201
A30: 3 | B30: K3 | C30: Status Kepemilikan KIP | D30: Benefit | E30: ='2.SWARA'!F21 -> 0.14555542
A31: 4 | B31: K4 | C31: Status Kepemilikan KKS | D31: Benefit | E31: ='2.SWARA'!F22 -> 0.13862421
A32: 5 | B32: K5 | C32: Penghasilan Orang Tua (Ayah) | D32: Cost | E32: ='2.SWARA'!F23 -> 0.099622139
A33: 6 | B33: K6 | C33: Penghasilan Orang Tua (Ibu) | D33: Cost | E33: ='2.SWARA'!F24 -> 0.074847587
A34: 7 | B34: K7 | C34: Status Kepemilikan Rumah | D34: Cost | E34: ='2.SWARA'!F25 -> 0.082332346
A35: 8 | B35: K8 | C35: Besaran Daya Listrik | D35: Cost | E35: ='2.SWARA'!F26 -> 0.064803106
A36: 9 | B36: K9 | C36: Besaran Luas Tanah | D36: Cost | E36: ='2.SWARA'!F27 -> 0.090565581
A37: 10 | B37: K10 | C37: Jenis Sumber Air | D37: Cost | E37: ='2.SWARA'!F28 -> 0.068043261

Sheet 8.Perbandingan
A1: ANALISIS PERBANDINGAN METODE DAN UJI SENSITIVITAS
A2: Berdasarkan Data Seleksi Beasiswa Lazizmu (20 Alternatif)
A4: Tabel 1. Perbandingan Nilai dan Peringkat SAW, WP, TOPSIS, dan SWARA-MAIRCA | K4: Tabel 2. Perhitungan Korelasi Spearman
A5: Alternatif | B5: SAW V | C5: Rank SAW | D5: WP V | E5: Rank WP | F5: TOPSIS V | G5: Rank TOPSIS | H5: MAIRCA Qi | I5: Rank MAIRCA | K5: Alt | L5: Rank R1 (MAIRCA) | M5: Rank R2 (SAW) | N5: d² (SAW) | O5: Rank R3 (WP) | P5: d² (WP) | Q5: Rank R4 (TOPSIS) | R5: d² (TOPSIS)
A6: A01 | B6: 16.8 | C6: =RANK(B6,$B$6:$B$25,0) -> 3 | D6: 66.806 | E6: =RANK(D6,$D$6:$D$25,0) -> 2 | F6: 0.728656 | G6: =RANK(F6,$F$6:$F$25,0) -> 3 | H6: ='7.Hasil'!C4 -> 0.013414642 | I6: ='7.Hasil'!D4 -> 3 | K6: A01 | L6: =I6 -> 3 | M6: =C6 -> 3 | N6: =(L6-M6)^2 -> 0 | O6: =E6 -> 2 | P6: =(L6-O6)^2 -> 1 | Q6: =G6 -> 3 | R6: =(L6-Q6)^2 -> 0
A7: A02 | B7: 13.77 | C7: =RANK(B7,$B$6:$B$25,0) -> 9 | D7: 49.833 | E7: =RANK(D7,$D$6:$D$25,0) -> 9 | F7: 0.49106 | G7: =RANK(F7,$F$6:$F$25,0) -> 10 | H7: ='7.Hasil'!C5 -> 0.02260135 | I7: ='7.Hasil'!D5 -> 6 | K7: A02 | L7: =I7 -> 6 | M7: =C7 -> 9 | N7: =(L7-M7)^2 -> 9 | O7: =E7 -> 9 | P7: =(L7-O7)^2 -> 9 | Q7: =G7 -> 10 | R7: =(L7-Q7)^2 -> 16
A8: A03 | B8: 17.32 | C8: =RANK(B8,$B$6:$B$25,0) -> 1 | D8: 69.343 | E8: =RANK(D8,$D$6:$D$25,0) -> 1 | F8: 0.765337 | G8: =RANK(F8,$F$6:$F$25,0) -> 1 | H8: ='7.Hasil'!C6 -> 0.0079871295 | I8: ='7.Hasil'!D6 -> 1 | K8: A03 | L8: =I8 -> 1 | M8: =C8 -> 1 | N8: =(L8-M8)^2 -> 0 | O8: =E8 -> 1 | P8: =(L8-O8)^2 -> 0 | Q8: =G8 -> 1 | R8: =(L8-Q8)^2 -> 0
A9: A04 | B9: 12 | C9: =RANK(B9,$B$6:$B$25,0) -> 17 | D9: 42.512 | E9: =RANK(D9,$D$6:$D$25,0) -> 17 | F9: 0.460397 | G9: =RANK(F9,$F$6:$F$25,0) -> 15 | H9: ='7.Hasil'!C7 -> 0.030969266 | I9: ='7.Hasil'!D7 -> 16 | K9: A04 | L9: =I9 -> 16 | M9: =C9 -> 17 | N9: =(L9-M9)^2 -> 1 | O9: =E9 -> 17 | P9: =(L9-O9)^2 -> 1 | Q9: =G9 -> 15 | R9: =(L9-Q9)^2 -> 1
A10: A05 | B10: 15.22 | C10: =RANK(B10,$B$6:$B$25,0) -> 4 | D10: 59.856 | E10: =RANK(D10,$D$6:$D$25,0) -> 4 | F10: 0.65903 | G10: =RANK(F10,$F$6:$F$25,0) -> 4 | H10: ='7.Hasil'!C8 -> 0.013756446 | I10: ='7.Hasil'!D8 -> 4 | K10: A05 | L10: =I10 -> 4 | M10: =C10 -> 4 | N10: =(L10-M10)^2 -> 0 | O10: =E10 -> 4 | P10: =(L10-O10)^2 -> 0 | Q10: =G10 -> 4 | R10: =(L10-Q10)^2 -> 0
A11: A06 | B11: 12.6 | C11: =RANK(B11,$B$6:$B$25,0) -> 15 | D11: 43.04 | E11: =RANK(D11,$D$6:$D$25,0) -> 16 | F11: 0.458221 | G11: =RANK(F11,$F$6:$F$25,0) -> 16 | H11: ='7.Hasil'!C9 -> 0.030504363 | I11: ='7.Hasil'!D9 -> 15 | K11: A06 | L11: =I11 -> 15 | M11: =C11 -> 15 | N11: =(L11-M11)^2 -> 0 | O11: =E11 -> 16 | P11: =(L11-O11)^2 -> 1 | Q11: =G11 -> 16 | R11: =(L11-Q11)^2 -> 1
A12: A07 | B12: 13.85 | C12: =RANK(B12,$B$6:$B$25,0) -> 8 | D12: 50.127 | E12: =RANK(D12,$D$6:$D$25,0) -> 8 | F12: 0.518355 | G12: =RANK(F12,$F$6:$F$25,0) -> 8 | H12: ='7.Hasil'!C10 -> 0.025359483 | I12: ='7.Hasil'!D10 -> 10 | K12: A07 | L12: =I12 -> 10 | M12: =C12 -> 8 | N12: =(L12-M12)^2 -> 4 | O12: =E12 -> 8 | P12: =(L12-O12)^2 -> 4 | Q12: =G12 -> 8 | R12: =(L12-Q12)^2 -> 4
A13: A08 | B13: 13.95 | C13: =RANK(B13,$B$6:$B$25,0) -> 6 | D13: 53.38 | E13: =RANK(D13,$D$6:$D$25,0) -> 6 | F13: 0.594643 | G13: =RANK(F13,$F$6:$F$25,0) -> 5 | H13: ='7.Hasil'!C11 -> 0.023071772 | I13: ='7.Hasil'!D11 -> 7 | K13: A08 | L13: =I13 -> 7 | M13: =C13 -> 6 | N13: =(L13-M13)^2 -> 1 | O13: =E13 -> 6 | P13: =(L13-O13)^2 -> 1 | Q13: =G13 -> 5 | R13: =(L13-Q13)^2 -> 4
A14: A09 | B14: 13.87 | C14: =RANK(B14,$B$6:$B$25,0) -> 7 | D14: 50.958 | E14: =RANK(D14,$D$6:$D$25,0) -> 7 | F14: 0.558432 | G14: =RANK(F14,$F$6:$F$25,0) -> 6 | H14: ='7.Hasil'!C12 -> 0.023182966 | I14: ='7.Hasil'!D12 -> 8 | K14: A09 | L14: =I14 -> 8 | M14: =C14 -> 7 | N14: =(L14-M14)^2 -> 1 | O14: =E14 -> 7 | P14: =(L14-O14)^2 -> 1 | Q14: =G14 -> 6 | R14: =(L14-Q14)^2 -> 4
A15: A10 | B15: 13.35 | C15: =RANK(B15,$B$6:$B$25,0) -> 10 | D15: 48.42 | E15: =RANK(D15,$D$6:$D$25,0) -> 10 | F15: 0.497844 | G15: =RANK(F15,$F$6:$F$25,0) -> 9 | H15: ='7.Hasil'!C13 -> 0.024752282 | I15: ='7.Hasil'!D13 -> 9 | K15: A10 | L15: =I15 -> 9 | M15: =C15 -> 10 | N15: =(L15-M15)^2 -> 1 | O15: =E15 -> 10 | P15: =(L15-O15)^2 -> 1 | Q15: =G15 -> 9 | R15: =(L15-Q15)^2 -> 0
A16: A11 | B16: 12.75 | C16: =RANK(B16,$B$6:$B$25,0) -> 13 | D16: 45.563 | E16: =RANK(D16,$D$6:$D$25,0) -> 13 | F16: 0.474355 | G16: =RANK(F16,$F$6:$F$25,0) -> 12 | H16: ='7.Hasil'!C14 -> 0.027573057 | I16: ='7.Hasil'!D14 -> 12 | K16: A11 | L16: =I16 -> 12 | M16: =C16 -> 13 | N16: =(L16-M16)^2 -> 1 | O16: =E16 -> 13 | P16: =(L16-O16)^2 -> 1 | Q16: =G16 -> 12 | R16: =(L16-Q16)^2 -> 0
A17: A12 | B17: 14.28 | C17: =RANK(B17,$B$6:$B$25,0) -> 5 | D17: 54.086 | E17: =RANK(D17,$D$6:$D$25,0) -> 5 | F17: 0.548282 | G17: =RANK(F17,$F$6:$F$25,0) -> 7 | H17: ='7.Hasil'!C15 -> 0.017104272 | I17: ='7.Hasil'!D15 -> 5 | K17: A12 | L17: =I17 -> 5 | M17: =C17 -> 5 | N17: =(L17-M17)^2 -> 0 | O17: =E17 -> 5 | P17: =(L17-O17)^2 -> 0 | Q17: =G17 -> 7 | R17: =(L17-Q17)^2 -> 4
... A25: A20 | B25: 11.32 | C25: =RANK(B25,$B$6:$B$25,0) -> 19 | D25: 38.994 | E25: =RANK(D25,$D$6:$D$25,0) -> 20 | F25: 0.329795 | G25: =RANK(F25,$F$6:$F$25,0) -> 20 | H25: ='7.Hasil'!C23 -> 0.032888259 | I25: ='7.Hasil'!D23 -> 20 | K25: A20 | L25: =I25 -> 20 | M25: =C25 -> 19 | N25: =(L25-M25)^2 -> 1 | O25: =E25 -> 20 | P25: =(L25-O25)^2 -> 0 | Q25: =G25 -> 20 | R25: =(L25-Q25)^2 -> 0
K26: TOTAL Σ | N26: =SUM(N6:N25) -> 27 | P26: =SUM(P6:P25) -> 36 | R26: =SUM(R6:R25) -> 108
A27: *Alternatif A03 menempati Peringkat 1 di seluruh metode pembanding utama (SAW, WP, TOPSIS, dan SWARA-MAIRCA)
A29: Tabel 4. Analisis Sensitivitas (Variasi Bobot KIP - K3) | K29: Tabel 3. Koefisien Korelasi Spearman (rs)
A30: Variasi K3 | B30: Bobot Baru K3 | C30: Rank 1 Alt. | D30: Rank Changes | E30: % Changes | K30: Metode Pembanding | L30: Σ d² | M30: Koefisien rs | N30: Tingkat Hubungan
A31: -20% | B31: 0.1164 | C31: A03 | D31: 2 | E31: 10.0% | K31: SWARA-MAIRCA vs SAW | L31: =N26 -> 27 | M31: =1-(6*L31)/7980 -> 0.97969925 | N31: =IF(M31>0.8,"Sangat Kuat",IF(M31>0.6,"Kuat",IF(M31>0.4,"Cukup Kuat","Lemah"))) -> Sangat Kuat
A32: -10% | B32: 0.131 | C32: A03 | D32: 2 | E32: 10.0% | K32: SWARA-MAIRCA vs WP | L32: =P26 -> 36 | M32: =1-(6*L32)/7980 -> 0.97293233 | N32: =IF(M32>0.8,"Sangat Kuat",IF(M32>0.6,"Kuat",IF(M32>0.4,"Cukup Kuat","Lemah"))) -> Sangat Kuat
A33: Base (0%) | B33: 0.1456 | C33: A03 | D33: 0 | E33: 0.0% | K33: SWARA-MAIRCA vs TOPSIS | L33: =R26 -> 108 | M33: =1-(6*L33)/7980 -> 0.91879699 | N33: =IF(M33>0.8,"Sangat Kuat",IF(M33>0.6,"Kuat",IF(M33>0.4,"Cukup Kuat","Lemah"))) -> Sangat Kuat
A34: +10% | B34: 0.1601 | C34: A03 | D34: 2 | E34: 10.0%
A35: +20% | B35: 0.1747 | C35: A03 | D35: 2 | E35: 10.0%
