Workbook

Sheet 1.Data
A1: MATRIKS DATA KEPUTUSAN — SELEKSI SMARTPHONE TERBAIK
A2: Keterangan Kriteria | D2: K1 | E2: K2 | F2: K3 | G2: K4 | H2: K5 | I2: K6 | J2: K7 | K2: K8 | L2: K9 | M2: K10 | N2: K11 | O2: K12
A3: Tipe Kriteria | D3: Cost | E3: Cost | F3: Benefit | G3: Benefit | H3: Benefit | I3: Benefit | J3: Benefit | K3: Benefit | L3: Benefit | M3: Benefit | N3: Benefit | O3: Cost
A4: Nama Kriteria | D4: Weight g | E4: Weight oz | F4: Year of production | G4: Display resolution | H4: Memory card | I4: Internal memory | J4: RAM | K4: Primary camera | L4: Secondary camera | M4: Bluetooth | N4: USB | O4: Approx price
A7: MATRIKS KEPUTUSAN (Nilai Atribut tiap Alternatif)
A8: Alternatif | B8: K1 | C8: K2 | D8: K3 | E8: K4 | F8: K5 | G8: K6 | H8: K7 | I8: K8 | J8: K9 | K8: K10 | L8: K11 | M8: K12
A9: A01 | B9: 202 | C9: 7 | D9: 2015 | E9: 5 | F9: 64 | G9: 8 | H9: 2048 | I9: 13 | J9: 5 | K9: 4 | L9: 2 | M9: 170
A10: A02 | B10: 150 | C10: 5 | D10: 2014 | E10: 5 | F10: 32 | G10: 4 | H10: 1024 | I10: 8 | J10: 2 | K10: 4 | L10: 2 | M10: 180
A11: A03 | B11: 160 | C11: 5 | D11: 2016 | E11: 5 | F11: 256 | G11: 32 | H11: 3072 | I11: 16 | J11: 8 | K11: 4 | L11: 1 | M11: 420
A12: A04 | B12: 170 | C12: 6 | D12: 2016 | E12: 5 | F12: 32 | G12: 16 | H12: 2048 | I12: 8 | J12: 8 | K12: 4 | L12: 2 | M12: 110
A13: A05 | B13: 115 | C13: 6 | D13: 2015 | E13: 4 | F13: 64 | G13: 8 | H13: 1024 | I13: 8 | J13: 5 | K13: 4 | L13: 2 | M13: 180
A14: A06 | B14: 151 | C14: 5 | D14: 2016 | E14: 5 | F14: 256 | G14: 64 | H14: 4096 | I14: 16 | J14: 8 | K14: 4 | L14: 2 | M14: 440
A15: A07 | B15: 310 | C15: 10 | D15: 2017 | E15: 8 | F15: 256 | G15: 16 | H15: 2048 | I15: 5 | J15: 2 | K15: 4 | L15: 2 | M15: 100
A16: A08 | B16: 145 | C16: 11 | D16: 2015 | E16: 4 | F16: 32 | G16: 8 | H16: 1024 | I16: 5 | J16: 2 | K16: 4 | L16: 2 | M16: 130
A17: A09 | B17: 110 | C17: 3 | D17: 2015 | E17: 5 | F17: 32 | G17: 8 | H17: 1024 | I17: 13 | J17: 5 | K17: 4 | L17: 2 | M17: 200
A18: A10 | B18: 160 | C18: 5 | D18: 2016 | E18: 5 | F18: 256 | G18: 32 | H18: 3072 | I18: 16 | J18: 8 | K18: 4 | L18: 1 | M18: 420
A19: A11 | B19: 130 | C19: 4 | D19: 2013 | E19: 4 | F19: 64 | G19: 8 | H19: 1024 | I19: 8 | J19: 1 | K19: 4 | L19: 2 | M19: 290
A20: A12 | B20: 170 | C20: 6 | D20: 2015 | E20: 5 | F20: 256 | G20: 16 | H20: 2048 | I20: 13 | J20: 5 | K20: 4 | L20: 2 | M20: 370
... A28: A20 | B28: 143 | C28: 4 | D28: 2017 | E28: 5 | F28: 256 | G28: 16 | H28: 2048 | I28: 13 | J28: 5 | K28: 4 | L28: 2 | M28: 150

Sheet 2.SWARA
A1: PEMBOBOTAN KRITERIA — METODE SWARA
A3: Prioritas | B3: Kode | C3: Nama Kriteria | D3: Sj (input)
A4: 1 | B4: K12 | C4: Approx price | D4: 0
A5: 2 | B5: K7 | C5: RAM | D5: 0.05
A6: 3 | B6: K6 | C6: Internal memory | D6: 0.05
A7: 4 | B7: K3 | C7: Year of production | D7: 0.1
A8: 5 | B8: K8 | C8: Primary camera | D8: 0.1
A9: 6 | B9: K5 | C9: Memory card | D9: 0.15
A10: 7 | B10: K4 | C10: Display resolution | D10: 0.1
A11: 8 | B11: K9 | C11: Secondary camera | D11: 0.15
A12: 9 | B12: K1 | C12: Weight g | D12: 0.15
A13: 10 | B13: K10 | C13: Bluetooth | D13: 0.1
A14: 11 | B14: K11 | C14: USB | D14: 0.1
A15: 12 | B15: K2 | C15: Weight oz | D15: 0.05

Sheet 3.Normalisasi
B4: K1 | C4: K2 | D4: K3 | E4: K4 | F4: K5 | G4: K6 | H4: K7 | I4: K8 | J4: K9 | K4: K10 | L4: K11 | M4: K12
A5: A01 | B5: =( '1.Data'!B$30 - '1.Data'!B9 ) / ( '1.Data'!B$30 - '1.Data'!B$31 ) | C5: =( '1.Data'!C$30 - '1.Data'!C9 ) / ( '1.Data'!C$30 - '1.Data'!C$31 ) | D5: =( '1.Data'!D9 - '1.Data'!D$31 ) / ( '1.Data'!D$30 - '1.Data'!D$31 ) | E5: =( '1.Data'!E9 - '1.Data'!E$31 ) / ( '1.Data'!E$30 - '1.Data'!E$31 ) | F5: =( '1.Data'!F9 - '1.Data'!F$31 ) / ( '1.Data'!F$30 - '1.Data'!F$31 ) | G5: =( '1.Data'!G9 - '1.Data'!G$31 ) / ( '1.Data'!G$30 - '1.Data'!G$31 ) | H5: =( '1.Data'!H9 - '1.Data'!H$31 ) / ( '1.Data'!H$30 - '1.Data'!H$31 ) | I5: =( '1.Data'!I9 - '1.Data'!I$31 ) / ( '1.Data'!I$30 - '1.Data'!I$31 ) | J5: =( '1.Data'!J9 - '1.Data'!J$31 ) / ( '1.Data'!J$30 - '1.Data'!J$31 ) | K5: =( '1.Data'!K9 - '1.Data'!K$31 ) / ( '1.Data'!K$30 - '1.Data'!K$31 ) | L5: =( '1.Data'!L9 - '1.Data'!L$31 ) / ( '1.Data'!L$30 - '1.Data'!L$31 ) | M5: =( '1.Data'!M$30 - '1.Data'!M9 ) / ( '1.Data'!M$30 - '1.Data'!M$31 )
A6: A02 | B6: =( '1.Data'!B$30 - '1.Data'!B10 ) / ( '1.Data'!B$30 - '1.Data'!B$31 ) | C6: =( '1.Data'!C$30 - '1.Data'!C10 ) / ( '1.Data'!C$30 - '1.Data'!C$31 ) | D6: =( '1.Data'!D10 - '1.Data'!D$31 ) / ( '1.Data'!D$30 - '1.Data'!D$31 ) | E6: =( '1.Data'!E10 - '1.Data'!E$31 ) / ( '1.Data'!E$30 - '1.Data'!E$31 ) | F6: =( '1.Data'!F10 - '1.Data'!F$31 ) / ( '1.Data'!F$30 - '1.Data'!F$31 ) | G6: =( '1.Data'!G10 - '1.Data'!G$31 ) / ( '1.Data'!G$30 - '1.Data'!G$31 ) | H6: =( '1.Data'!H10 - '1.Data'!H$31 ) / ( '1.Data'!H$30 - '1.Data'!H$31 ) | I6: =( '1.Data'!I10 - '1.Data'!I$31 ) / ( '1.Data'!I$30 - '1.Data'!I$31 ) | J6: =( '1.Data'!J10 - '1.Data'!J$31 ) / ( '1.Data'!J$30 - '1.Data'!J$31 ) | K6: =( '1.Data'!K10 - '1.Data'!K$31 ) / ( '1.Data'!K$30 - '1.Data'!K$31 ) | L6: =( '1.Data'!L10 - '1.Data'!L$31 ) / ( '1.Data'!L$30 - '1.Data'!L$31 ) | M6: =( '1.Data'!M$30 - '1.Data'!M10 ) / ( '1.Data'!M$30 - '1.Data'!M$31 )
A7: A03 | B7: =( '1.Data'!B$30 - '1.Data'!B11 ) / ( '1.Data'!B$30 - '1.Data'!B$31 ) | C7: =( '1.Data'!C$30 - '1.Data'!C11 ) / ( '1.Data'!C$30 - '1.Data'!C$31 ) | D7: =( '1.Data'!D11 - '1.Data'!D$31 ) / ( '1.Data'!D$30 - '1.Data'!D$31 ) | E7: =( '1.Data'!E11 - '1.Data'!E$31 ) / ( '1.Data'!E$30 - '1.Data'!E$31 ) | F7: =( '1.Data'!F11 - '1.Data'!F$31 ) / ( '1.Data'!F$30 - '1.Data'!F$31 ) | G7: =( '1.Data'!G11 - '1.Data'!G$31 ) / ( '1.Data'!G$30 - '1.Data'!G$31 ) | H7: =( '1.Data'!H11 - '1.Data'!H$31 ) / ( '1.Data'!H$30 - '1.Data'!H$31 ) | I7: =( '1.Data'!I11 - '1.Data'!I$31 ) / ( '1.Data'!I$30 - '1.Data'!I$31 ) | J7: =( '1.Data'!J11 - '1.Data'!J$31 ) / ( '1.Data'!J$30 - '1.Data'!J$31 ) | K7: =( '1.Data'!K11 - '1.Data'!K$31 ) / ( '1.Data'!K$30 - '1.Data'!K$31 ) | L7: =( '1.Data'!L11 - '1.Data'!L$31 ) / ( '1.Data'!L$30 - '1.Data'!L$31 ) | M7: =( '1.Data'!M$30 - '1.Data'!M11 ) / ( '1.Data'!M$30 - '1.Data'!M$31 )
A8: A04 | B8: =( '1.Data'!B$30 - '1.Data'!B12 ) / ( '1.Data'!B$30 - '1.Data'!B$31 ) | C8: =( '1.Data'!C$30 - '1.Data'!C12 ) / ( '1.Data'!C$30 - '1.Data'!C$31 ) | D8: =( '1.Data'!D12 - '1.Data'!D$31 ) / ( '1.Data'!D$30 - '1.Data'!D$31 ) | E8: =( '1.Data'!E12 - '1.Data'!E$31 ) / ( '1.Data'!E$30 - '1.Data'!E$31 ) | F8: =( '1.Data'!F12 - '1.Data'!F$31 ) / ( '1.Data'!F$30 - '1.Data'!F$31 ) | G8: =( '1.Data'!G12 - '1.Data'!G$31 ) / ( '1.Data'!G$30 - '1.Data'!G$31 ) | H8: =( '1.Data'!H12 - '1.Data'!H$31 ) / ( '1.Data'!H$30 - '1.Data'!H$31 ) | I8: =( '1.Data'!I12 - '1.Data'!I$31 ) / ( '1.Data'!I$30 - '1.Data'!I$31 ) | J8: =( '1.Data'!J12 - '1.Data'!J$31 ) / ( '1.Data'!J$30 - '1.Data'!J$31 ) | K8: =( '1.Data'!K12 - '1.Data'!K$31 ) / ( '1.Data'!K$30 - '1.Data'!K$31 ) | L8: =( '1.Data'!L12 - '1.Data'!L$31 ) / ( '1.Data'!L$30 - '1.Data'!L$31 ) | M8: =( '1.Data'!M$30 - '1.Data'!M12 ) / ( '1.Data'!M$30 - '1.Data'!M$31 )
A9: A05 | B9: =( '1.Data'!B$30 - '1.Data'!B13 ) / ( '1.Data'!B$30 - '1.Data'!B$31 ) | C9: =( '1.Data'!C$30 - '1.Data'!C13 ) / ( '1.Data'!C$30 - '1.Data'!C$31 ) | D9: =( '1.Data'!D13 - '1.Data'!D$31 ) / ( '1.Data'!D$30 - '1.Data'!D$31 ) | E9: =( '1.Data'!E13 - '1.Data'!E$31 ) / ( '1.Data'!E$30 - '1.Data'!E$31 ) | F9: =( '1.Data'!F13 - '1.Data'!F$31 ) / ( '1.Data'!F$30 - '1.Data'!F$31 ) | G9: =( '1.Data'!G13 - '1.Data'!G$31 ) / ( '1.Data'!G$30 - '1.Data'!G$31 ) | H9: =( '1.Data'!H13 - '1.Data'!H$31 ) / ( '1.Data'!H$30 - '1.Data'!H$31 ) | I9: =( '1.Data'!I13 - '1.Data'!I$31 ) / ( '1.Data'!I$30 - '1.Data'!I$31 ) | J9: =( '1.Data'!J13 - '1.Data'!J$31 ) / ( '1.Data'!J$30 - '1.Data'!J$31 ) | K9: =( '1.Data'!K13 - '1.Data'!K$31 ) / ( '1.Data'!K$30 - '1.Data'!K$31 ) | L9: =( '1.Data'!L13 - '1.Data'!L$31 ) / ( '1.Data'!L$30 - '1.Data'!L$31 ) | M9: =( '1.Data'!M$30 - '1.Data'!M13 ) / ( '1.Data'!M$30 - '1.Data'!M$31 )
A10: A06 | B10: =( '1.Data'!B$30 - '1.Data'!B14 ) / ( '1.Data'!B$30 - '1.Data'!B$31 ) | C10: =( '1.Data'!C$30 - '1.Data'!C14 ) / ( '1.Data'!C$30 - '1.Data'!C$31 ) | D10: =( '1.Data'!D14 - '1.Data'!D$31 ) / ( '1.Data'!D$30 - '1.Data'!D$31 ) | E10: =( '1.Data'!E14 - '1.Data'!E$31 ) / ( '1.Data'!E$30 - '1.Data'!E$31 ) | F10: =( '1.Data'!F14 - '1.Data'!F$31 ) / ( '1.Data'!F$30 - '1.Data'!F$31 ) | G10: =( '1.Data'!G14 - '1.Data'!G$31 ) / ( '1.Data'!G$30 - '1.Data'!G$31 ) | H10: =( '1.Data'!H14 - '1.Data'!H$31 ) / ( '1.Data'!H$30 - '1.Data'!H$31 ) | I10: =( '1.Data'!I14 - '1.Data'!I$31 ) / ( '1.Data'!I$30 - '1.Data'!I$31 ) | J10: =( '1.Data'!J14 - '1.Data'!J$31 ) / ( '1.Data'!J$30 - '1.Data'!J$31 ) | K10: =( '1.Data'!K14 - '1.Data'!K$31 ) / ( '1.Data'!K$30 - '1.Data'!K$31 ) | L10: =( '1.Data'!L14 - '1.Data'!L$31 ) / ( '1.Data'!L$30 - '1.Data'!L$31 ) | M10: =( '1.Data'!M$30 - '1.Data'!M14 ) / ( '1.Data'!M$30 - '1.Data'!M$31 )
A11: A07 | B11: =( '1.Data'!B$30 - '1.Data'!B15 ) / ( '1.Data'!B$30 - '1.Data'!B$31 ) | C11: =( '1.Data'!C$30 - '1.Data'!C15 ) / ( '1.Data'!C$30 - '1.Data'!C$31 ) | D11: =( '1.Data'!D15 - '1.Data'!D$31 ) / ( '1.Data'!D$30 - '1.Data'!D$31 ) | E11: =( '1.Data'!E15 - '1.Data'!E$31 ) / ( '1.Data'!E$30 - '1.Data'!E$31 ) | F11: =( '1.Data'!F15 - '1.Data'!F$31 ) / ( '1.Data'!F$30 - '1.Data'!F$31 ) | G11: =( '1.Data'!G15 - '1.Data'!G$31 ) / ( '1.Data'!G$30 - '1.Data'!G$31 ) | H11: =( '1.Data'!H15 - '1.Data'!H$31 ) / ( '1.Data'!H$30 - '1.Data'!H$31 ) | I11: =( '1.Data'!I15 - '1.Data'!I$31 ) / ( '1.Data'!I$30 - '1.Data'!I$31 ) | J11: =( '1.Data'!J15 - '1.Data'!J$31 ) / ( '1.Data'!J$30 - '1.Data'!J$31 ) | K11: =( '1.Data'!K15 - '1.Data'!K$31 ) / ( '1.Data'!K$30 - '1.Data'!K$31 ) | L11: =( '1.Data'!L15 - '1.Data'!L$31 ) / ( '1.Data'!L$30 - '1.Data'!L$31 ) | M11: =( '1.Data'!M$30 - '1.Data'!M15 ) / ( '1.Data'!M$30 - '1.Data'!M$31 )
A12: A08 | B12: =( '1.Data'!B$30 - '1.Data'!B16 ) / ( '1.Data'!B$30 - '1.Data'!B$31 ) | C12: =( '1.Data'!C$30 - '1.Data'!C16 ) / ( '1.Data'!C$30 - '1.Data'!C$31 ) | D12: =( '1.Data'!D16 - '1.Data'!D$31 ) / ( '1.Data'!D$30 - '1.Data'!D$31 ) | E12: =( '1.Data'!E16 - '1.Data'!E$31 ) / ( '1.Data'!E$30 - '1.Data'!E$31 ) | F12: =( '1.Data'!F16 - '1.Data'!F$31 ) / ( '1.Data'!F$30 - '1.Data'!F$31 ) | G12: =( '1.Data'!G16 - '1.Data'!G$31 ) / ( '1.Data'!G$30 - '1.Data'!G$31 ) | H12: =( '1.Data'!H16 - '1.Data'!H$31 ) / ( '1.Data'!H$30 - '1.Data'!H$31 ) | I12: =( '1.Data'!I16 - '1.Data'!I$31 ) / ( '1.Data'!I$30 - '1.Data'!I$31 ) | J12: =( '1.Data'!J16 - '1.Data'!J$31 ) / ( '1.Data'!J$30 - '1.Data'!J$31 ) | K12: =( '1.Data'!K16 - '1.Data'!K$31 ) / ( '1.Data'!K$30 - '1.Data'!K$31 ) | L12: =( '1.Data'!L16 - '1.Data'!L$31 ) / ( '1.Data'!L$30 - '1.Data'!L$31 ) | M12: =( '1.Data'!M$30 - '1.Data'!M16 ) / ( '1.Data'!M$30 - '1.Data'!M$31 )
A13: A09 | B13: =( '1.Data'!B$30 - '1.Data'!B17 ) / ( '1.Data'!B$30 - '1.Data'!B$31 ) | C13: =( '1.Data'!C$30 - '1.Data'!C17 ) / ( '1.Data'!C$30 - '1.Data'!C$31 ) | D13: =( '1.Data'!D17 - '1.Data'!D$31 ) / ( '1.Data'!D$30 - '1.Data'!D$31 ) | E13: =( '1.Data'!E17 - '1.Data'!E$31 ) / ( '1.Data'!E$30 - '1.Data'!E$31 ) | F13: =( '1.Data'!F17 - '1.Data'!F$31 ) / ( '1.Data'!F$30 - '1.Data'!F$31 ) | G13: =( '1.Data'!G17 - '1.Data'!G$31 ) / ( '1.Data'!G$30 - '1.Data'!G$31 ) | H13: =( '1.Data'!H17 - '1.Data'!H$31 ) / ( '1.Data'!H$30 - '1.Data'!H$31 ) | I13: =( '1.Data'!I17 - '1.Data'!I$31 ) / ( '1.Data'!I$30 - '1.Data'!I$31 ) | J13: =( '1.Data'!J17 - '1.Data'!J$31 ) / ( '1.Data'!J$30 - '1.Data'!J$31 ) | K13: =( '1.Data'!K17 - '1.Data'!K$31 ) / ( '1.Data'!K$30 - '1.Data'!K$31 ) | L13: =( '1.Data'!L17 - '1.Data'!L$31 ) / ( '1.Data'!L$30 - '1.Data'!L$31 ) | M13: =( '1.Data'!M$30 - '1.Data'!M17 ) / ( '1.Data'!M$30 - '1.Data'!M$31 )
A14: A10 | B14: =( '1.Data'!B$30 - '1.Data'!B18 ) / ( '1.Data'!B$30 - '1.Data'!B$31 ) | C14: =( '1.Data'!C$30 - '1.Data'!C18 ) / ( '1.Data'!C$30 - '1.Data'!C$31 ) | D14: =( '1.Data'!D18 - '1.Data'!D$31 ) / ( '1.Data'!D$30 - '1.Data'!D$31 ) | E14: =( '1.Data'!E18 - '1.Data'!E$31 ) / ( '1.Data'!E$30 - '1.Data'!E$31 ) | F14: =( '1.Data'!F18 - '1.Data'!F$31 ) / ( '1.Data'!F$30 - '1.Data'!F$31 ) | G14: =( '1.Data'!G18 - '1.Data'!G$31 ) / ( '1.Data'!G$30 - '1.Data'!G$31 ) | H14: =( '1.Data'!H18 - '1.Data'!H$31 ) / ( '1.Data'!H$30 - '1.Data'!H$31 ) | I14: =( '1.Data'!I18 - '1.Data'!I$31 ) / ( '1.Data'!I$30 - '1.Data'!I$31 ) | J14: =( '1.Data'!J18 - '1.Data'!J$31 ) / ( '1.Data'!J$30 - '1.Data'!J$31 ) | K14: =( '1.Data'!K18 - '1.Data'!K$31 ) / ( '1.Data'!K$30 - '1.Data'!K$31 ) | L14: =( '1.Data'!L18 - '1.Data'!L$31 ) / ( '1.Data'!L$30 - '1.Data'!L$31 ) | M14: =( '1.Data'!M$30 - '1.Data'!M18 ) / ( '1.Data'!M$30 - '1.Data'!M$31 )
A15: A11 | B15: =( '1.Data'!B$30 - '1.Data'!B19 ) / ( '1.Data'!B$30 - '1.Data'!B$31 ) | C15: =( '1.Data'!C$30 - '1.Data'!C19 ) / ( '1.Data'!C$30 - '1.Data'!C$31 ) | D15: =( '1.Data'!D19 - '1.Data'!D$31 ) / ( '1.Data'!D$30 - '1.Data'!D$31 ) | E15: =( '1.Data'!E19 - '1.Data'!E$31 ) / ( '1.Data'!E$30 - '1.Data'!E$31 ) | F15: =( '1.Data'!F19 - '1.Data'!F$31 ) / ( '1.Data'!F$30 - '1.Data'!F$31 ) | G15: =( '1.Data'!G19 - '1.Data'!G$31 ) / ( '1.Data'!G$30 - '1.Data'!G$31 ) | H15: =( '1.Data'!H19 - '1.Data'!H$31 ) / ( '1.Data'!H$30 - '1.Data'!H$31 ) | I15: =( '1.Data'!I19 - '1.Data'!I$31 ) / ( '1.Data'!I$30 - '1.Data'!I$31 ) | J15: =( '1.Data'!J19 - '1.Data'!J$31 ) / ( '1.Data'!J$30 - '1.Data'!J$31 ) | K15: =( '1.Data'!K19 - '1.Data'!K$31 ) / ( '1.Data'!K$30 - '1.Data'!K$31 ) | L15: =( '1.Data'!L19 - '1.Data'!L$31 ) / ( '1.Data'!L$30 - '1.Data'!L$31 ) | M15: =( '1.Data'!M$30 - '1.Data'!M19 ) / ( '1.Data'!M$30 - '1.Data'!M$31 )
A16: A12 | B16: =( '1.Data'!B$30 - '1.Data'!B20 ) / ( '1.Data'!B$30 - '1.Data'!B$31 ) | C16: =( '1.Data'!C$30 - '1.Data'!C20 ) / ( '1.Data'!C$30 - '1.Data'!C$31 ) | D16: =( '1.Data'!D20 - '1.Data'!D$31 ) / ( '1.Data'!D$30 - '1.Data'!D$31 ) | E16: =( '1.Data'!E20 - '1.Data'!E$31 ) / ( '1.Data'!E$30 - '1.Data'!E$31 ) | F16: =( '1.Data'!F20 - '1.Data'!F$31 ) / ( '1.Data'!F$30 - '1.Data'!F$31 ) | G16: =( '1.Data'!G20 - '1.Data'!G$31 ) / ( '1.Data'!G$30 - '1.Data'!G$31 ) | H16: =( '1.Data'!H20 - '1.Data'!H$31 ) / ( '1.Data'!H$30 - '1.Data'!H$31 ) | I16: =( '1.Data'!I20 - '1.Data'!I$31 ) / ( '1.Data'!I$30 - '1.Data'!I$31 ) | J16: =( '1.Data'!J20 - '1.Data'!J$31 ) / ( '1.Data'!J$30 - '1.Data'!J$31 ) | K16: =( '1.Data'!K20 - '1.Data'!K$31 ) / ( '1.Data'!K$30 - '1.Data'!K$31 ) | L16: =( '1.Data'!L20 - '1.Data'!L$31 ) / ( '1.Data'!L$30 - '1.Data'!L$31 ) | M16: =( '1.Data'!M$30 - '1.Data'!M20 ) / ( '1.Data'!M$30 - '1.Data'!M$31 )
... A24: A20 | B24: =( '1.Data'!B$30 - '1.Data'!B28 ) / ( '1.Data'!B$30 - '1.Data'!B$31 ) | C24: =( '1.Data'!C$30 - '1.Data'!C28 ) / ( '1.Data'!C$30 - '1.Data'!C$31 ) | D24: =( '1.Data'!D28 - '1.Data'!D$31 ) / ( '1.Data'!D$30 - '1.Data'!D$31 ) | E24: =( '1.Data'!E28 - '1.Data'!E$31 ) / ( '1.Data'!E$30 - '1.Data'!E$31 ) | F24: =( '1.Data'!F28 - '1.Data'!F$31 ) / ( '1.Data'!F$30 - '1.Data'!F$31 ) | G24: =( '1.Data'!G28 - '1.Data'!G$31 ) / ( '1.Data'!G$30 - '1.Data'!G$31 ) | H24: =( '1.Data'!H28 - '1.Data'!H$31 ) / ( '1.Data'!H$30 - '1.Data'!H$31 ) | I24: =( '1.Data'!I28 - '1.Data'!I$31 ) / ( '1.Data'!I$30 - '1.Data'!I$31 ) | J24: =( '1.Data'!J28 - '1.Data'!J$31 ) / ( '1.Data'!J$30 - '1.Data'!J$31 ) | K24: =( '1.Data'!K28 - '1.Data'!K$31 ) / ( '1.Data'!K$30 - '1.Data'!K$31 ) | L24: =( '1.Data'!L28 - '1.Data'!L$31 ) / ( '1.Data'!L$30 - '1.Data'!L$31 ) | M24: =( '1.Data'!M$30 - '1.Data'!M28 ) / ( '1.Data'!M$30 - '1.Data'!M$31 )
